index,address,amount,amountWei,txHash,timestamp
0,0x6ACF1585Ca3478a6D7b42f1F4419968EC0ef42df,97,97000000000000000000,0x46c0d361495c2295da64cc2cdfa2b81ecd45f0561504493a5639161dc2eae74b,2026-05-15T04:24:19.658Z
1,0xffD8F347748C16bc51045E809f293b6a689e1eDB,17,17000000000000000000,0x46c0d361495c2295da64cc2cdfa2b81ecd45f0561504493a5639161dc2eae74b,2026-05-15T04:24:19.658Z
2,0xCf6166ff45B3Ea652557433D3333a9d221f043e5,71,71000000000000000000,0x46c0d361495c2295da64cc2cdfa2b81ecd45f0561504493a5639161dc2eae74b,2026-05-15T04:24:19.658Z
3,0x53C846cC2864144f66F338bA83884d4fDBeCFd14,76,76000000000000000000,0x46c0d361495c2295da64cc2cdfa2b81ecd45f0561504493a5639161dc2eae74b,2026-05-15T04:24:19.658Z
4,0x384c088d61185Ef3794Fa223888824f505896D06,1,1000000000000000000,0x46c0d361495c2295da64cc2cdfa2b81ecd45f0561504493a5639161dc2eae74b,2026-05-15T04:24:19.658Z
5,0xf76e1Cd35eF38597429f013921dbAcc35Ac4251A,7,7000000000000000000,0x46c0d361495c2295da64cc2cdfa2b81ecd45f0561504493a5639161dc2eae74b,2026-05-15T04:24:19.658Z
6,0xB81a346Cd598D6F419f0Dd7ff30C71119Cb30c30,21,21000000000000000000,0x46c0d361495c2295da64cc2cdfa2b81ecd45f0561504493a5639161dc2eae74b,2026-05-15T04:24:19.658Z
7,0xa2D69ba190056016751ee229B4C9FcAAcdc83F15,77,77000000000000000000,0x46c0d361495c2295da64cc2cdfa2b81ecd45f0561504493a5639161dc2eae74b,2026-05-15T04:24:19.658Z
8,0x0E76db04F9008bE985fd7d986F32597B029bcDa1,98,98000000000000000000,0x46c0d361495c2295da64cc2cdfa2b81ecd45f0561504493a5639161dc2eae74b,2026-05-15T04:24:19.658Z
9,0x479a7f3b5806298BCfbAA14e9f7fdf90145075aA,44,44000000000000000000,0x46c0d361495c2295da64cc2cdfa2b81ecd45f0561504493a5639161dc2eae74b,2026-05-15T04:24:19.658Z
10,0xE450635F99cF0a394270bb29Cff070bC7d67A2e8,43,43000000000000000000,0x46c0d361495c2295da64cc2cdfa2b81ecd45f0561504493a5639161dc2eae74b,2026-05-15T04:24:19.658Z
11,0x30183f892782c5bbEF4612dD68ff5634c94d22bD,81,81000000000000000000,0x46c0d361495c2295da64cc2cdfa2b81ecd45f0561504493a5639161dc2eae74b,2026-05-15T04:24:19.658Z
12,0xCB00AEDCe44bbc544bA3Db824A9EB94e66701236,92,92000000000000000000,0x46c0d361495c2295da64cc2cdfa2b81ecd45f0561504493a5639161dc2eae74b,2026-05-15T04:24:19.658Z
13,0x4C5bF0a962eBF5133edC472b76877e943364B9D5,23,23000000000000000000,0x46c0d361495c2295da64cc2cdfa2b81ecd45f0561504493a5639161dc2eae74b,2026-05-15T04:24:19.658Z
14,0xa5C528b1d522782a00DC4BDCDb4f8FFc5DaC0a68,25,25000000000000000000,0x46c0d361495c2295da64cc2cdfa2b81ecd45f0561504493a5639161dc2eae74b,2026-05-15T04:24:19.658Z
15,0xFff3369AAD1ad39CCc1a4D13c8169fcbCa4E3961,75,75000000000000000000,0x46c0d361495c2295da64cc2cdfa2b81ecd45f0561504493a5639161dc2eae74b,2026-05-15T04:24:19.658Z
16,0xaD4628E583f9FF19c3a0Bf68f40326E24a4937ab,31,31000000000000000000,0x46c0d361495c2295da64cc2cdfa2b81ecd45f0561504493a5639161dc2eae74b,2026-05-15T04:24:19.658Z
17,0xa4F4BC01b95F531e7740A580fec9C83c2C2de07e,55,55000000000000000000,0x46c0d361495c2295da64cc2cdfa2b81ecd45f0561504493a5639161dc2eae74b,2026-05-15T04:24:19.658Z
18,0x4b44d56B25B486cEb5b427e006A38615B7781736,92,92000000000000000000,0x46c0d361495c2295da64cc2cdfa2b81ecd45f0561504493a5639161dc2eae74b,2026-05-15T04:24:19.658Z
19,0x5A4112359d68d1855Ab2e094e088cB3F66C3C787,66,66000000000000000000,0x46c0d361495c2295da64cc2cdfa2b81ecd45f0561504493a5639161dc2eae74b,2026-05-15T04:24:19.658Z
20,0x36B6678be80Bd8E0F768D5C8B15b0B24c92C35a7,67,67000000000000000000,0x46c0d361495c2295da64cc2cdfa2b81ecd45f0561504493a5639161dc2eae74b,2026-05-15T04:24:19.658Z
21,0x5C2Fa36f365f65018e7F571C5A1b19F382D9a671,78,78000000000000000000,0x46c0d361495c2295da64cc2cdfa2b81ecd45f0561504493a5639161dc2eae74b,2026-05-15T04:24:19.658Z
22,0x3Eb02bcda2BEe38b2b420a22FE5583E10D8f42Cc,86,86000000000000000000,0x46c0d361495c2295da64cc2cdfa2b81ecd45f0561504493a5639161dc2eae74b,2026-05-15T04:24:19.658Z
23,0xEcfBeE97E91D5742FaeCEF1C7Ca6afF15Fb37e3b,75,75000000000000000000,0x46c0d361495c2295da64cc2cdfa2b81ecd45f0561504493a5639161dc2eae74b,2026-05-15T04:24:19.658Z
24,0xA3c91cC3Bb559617C5b6c26Af39c7dB60E7d1F5C,50,50000000000000000000,0x46c0d361495c2295da64cc2cdfa2b81ecd45f0561504493a5639161dc2eae74b,2026-05-15T04:24:19.658Z
25,0x2Fac352d234E95A905fb934D2A3026048523A2D0,2,2000000000000000000,0x46c0d361495c2295da64cc2cdfa2b81ecd45f0561504493a5639161dc2eae74b,2026-05-15T04:24:19.658Z
26,0x47036E471388d34bC03b6E0146e63A7C5c1B63C1,67,67000000000000000000,0x46c0d361495c2295da64cc2cdfa2b81ecd45f0561504493a5639161dc2eae74b,2026-05-15T04:24:19.658Z
27,0x43D6B06B74E87EDD9D478c201112Af7Dcd4b586E,24,24000000000000000000,0x46c0d361495c2295da64cc2cdfa2b81ecd45f0561504493a5639161dc2eae74b,2026-05-15T04:24:19.658Z
28,0x19814bc9e3074F8231749159a700100D10d5187D,72,72000000000000000000,0x46c0d361495c2295da64cc2cdfa2b81ecd45f0561504493a5639161dc2eae74b,2026-05-15T04:24:19.658Z
29,0xEd09460D3B6C844d293cBf563F1DFBA0d408e132,57,57000000000000000000,0x46c0d361495c2295da64cc2cdfa2b81ecd45f0561504493a5639161dc2eae74b,2026-05-15T04:24:19.658Z
30,0xa6B27E9399474d82CE3390FBF1d51B67528BD641,69,69000000000000000000,0x46c0d361495c2295da64cc2cdfa2b81ecd45f0561504493a5639161dc2eae74b,2026-05-15T04:24:19.658Z
31,0x4660aB4180e472d1B867f2277aa3b9DD4F027E68,46,46000000000000000000,0x46c0d361495c2295da64cc2cdfa2b81ecd45f0561504493a5639161dc2eae74b,2026-05-15T04:24:19.658Z
32,0xe2215388997BFdA7d5962a61c796078Ca30d569F,16,16000000000000000000,0x46c0d361495c2295da64cc2cdfa2b81ecd45f0561504493a5639161dc2eae74b,2026-05-15T04:24:19.658Z
33,0xD004F1E272C36674Fa059483feb2Bbaa8f0dD19a,18,18000000000000000000,0x46c0d361495c2295da64cc2cdfa2b81ecd45f0561504493a5639161dc2eae74b,2026-05-15T04:24:19.658Z
34,0x4291d67c8D966d641b7Fa4A3850a04DEF388D193,33,33000000000000000000,0x46c0d361495c2295da64cc2cdfa2b81ecd45f0561504493a5639161dc2eae74b,2026-05-15T04:24:19.658Z
35,0x716c98B6F5ACDdcb813879dFdBe1fc6c6Bd94B72,37,37000000000000000000,0x46c0d361495c2295da64cc2cdfa2b81ecd45f0561504493a5639161dc2eae74b,2026-05-15T04:24:19.658Z
36,0xF64D46Ec175Cf9cBBbE88C08e7f741De685d8222,9,9000000000000000000,0x46c0d361495c2295da64cc2cdfa2b81ecd45f0561504493a5639161dc2eae74b,2026-05-15T04:24:19.658Z
37,0x68Cb48A1c2faF6ce63fac809cBa87e606dEB96BE,3,3000000000000000000,0x46c0d361495c2295da64cc2cdfa2b81ecd45f0561504493a5639161dc2eae74b,2026-05-15T04:24:19.658Z
38,0x0871Ba21F1d00f3C4D129a8606881082E70cB514,40,40000000000000000000,0x46c0d361495c2295da64cc2cdfa2b81ecd45f0561504493a5639161dc2eae74b,2026-05-15T04:24:19.658Z
39,0x748E56d27012fE88f125512D1a8e7cdbd56765FC,4,4000000000000000000,0x46c0d361495c2295da64cc2cdfa2b81ecd45f0561504493a5639161dc2eae74b,2026-05-15T04:24:19.658Z
40,0xF208d0fbBECeA877ba9c15C18A27D2CA4dD511E5,26,26000000000000000000,0x46c0d361495c2295da64cc2cdfa2b81ecd45f0561504493a5639161dc2eae74b,2026-05-15T04:24:19.658Z
41,0x6cda7251F5dBCE149eAD5a5969caAfaFf1A0e266,50,50000000000000000000,0x46c0d361495c2295da64cc2cdfa2b81ecd45f0561504493a5639161dc2eae74b,2026-05-15T04:24:19.658Z
42,0x34507f5565e00fe1c8336Ee23978DF66c8c2968E,20,20000000000000000000,0x46c0d361495c2295da64cc2cdfa2b81ecd45f0561504493a5639161dc2eae74b,2026-05-15T04:24:19.658Z
43,0x8591D614A3a3B5A365502610c40624928BfF9879,67,67000000000000000000,0x46c0d361495c2295da64cc2cdfa2b81ecd45f0561504493a5639161dc2eae74b,2026-05-15T04:24:19.658Z
44,0x0a99F74073D87ecdFB2C948b54A1645D2728FD5E,45,45000000000000000000,0x46c0d361495c2295da64cc2cdfa2b81ecd45f0561504493a5639161dc2eae74b,2026-05-15T04:24:19.658Z
45,0x715567C05eb153ca7A60D43066895eEcDcA56660,46,46000000000000000000,0x46c0d361495c2295da64cc2cdfa2b81ecd45f0561504493a5639161dc2eae74b,2026-05-15T04:24:19.658Z
46,0x6568E84F53c9a027642920b6ae8992124E775f66,67,67000000000000000000,0x46c0d361495c2295da64cc2cdfa2b81ecd45f0561504493a5639161dc2eae74b,2026-05-15T04:24:19.658Z
47,0xa2873bF5e2D02F080884F77E939eD60f26084832,24,24000000000000000000,0x46c0d361495c2295da64cc2cdfa2b81ecd45f0561504493a5639161dc2eae74b,2026-05-15T04:24:19.658Z
48,0xf615c619502546951Ae95B3e48aFD5aedE197a0E,58,58000000000000000000,0x46c0d361495c2295da64cc2cdfa2b81ecd45f0561504493a5639161dc2eae74b,2026-05-15T04:24:19.658Z
49,0x6De6954EB8FFBF51Ae6Fae232157Dcce1B4947D0,29,29000000000000000000,0x46c0d361495c2295da64cc2cdfa2b81ecd45f0561504493a5639161dc2eae74b,2026-05-15T04:24:19.658Z
50,0x1407523f0502C7fce2fd2B02da3d73a0CD5096B0,89,89000000000000000000,0x46c0d361495c2295da64cc2cdfa2b81ecd45f0561504493a5639161dc2eae74b,2026-05-15T04:24:19.658Z
51,0x13Ef16d93f0F9A12Be022Dc976D093D356A1B162,22,22000000000000000000,0x46c0d361495c2295da64cc2cdfa2b81ecd45f0561504493a5639161dc2eae74b,2026-05-15T04:24:19.658Z
52,0x4123405Bd950474CB733e7ef20649e28B8980332,52,52000000000000000000,0x46c0d361495c2295da64cc2cdfa2b81ecd45f0561504493a5639161dc2eae74b,2026-05-15T04:24:19.658Z
53,0x712c8A9CC801Ec478eDa3e261784439Ac4e7000a,91,91000000000000000000,0x46c0d361495c2295da64cc2cdfa2b81ecd45f0561504493a5639161dc2eae74b,2026-05-15T04:24:19.658Z
54,0x7460813F7CcC081c5087547E6588527686B01C77,79,79000000000000000000,0x46c0d361495c2295da64cc2cdfa2b81ecd45f0561504493a5639161dc2eae74b,2026-05-15T04:24:19.658Z
55,0xa0eDE8B268D3A02652f5bbCC43351492Efa7d3c3,39,39000000000000000000,0x46c0d361495c2295da64cc2cdfa2b81ecd45f0561504493a5639161dc2eae74b,2026-05-15T04:24:19.658Z
56,0x9F5eA0d7E5c34aE4fc8F0f9522C59484D8fa4969,37,37000000000000000000,0x46c0d361495c2295da64cc2cdfa2b81ecd45f0561504493a5639161dc2eae74b,2026-05-15T04:24:19.658Z
57,0x352f86Fc1F4822535019aCdDCF85eb499A2dd4e4,45,45000000000000000000,0x46c0d361495c2295da64cc2cdfa2b81ecd45f0561504493a5639161dc2eae74b,2026-05-15T04:24:19.658Z
58,0xA5FcB02aAB645dBD4307A73aAf8c9c99AEcA29Ab,57,57000000000000000000,0x46c0d361495c2295da64cc2cdfa2b81ecd45f0561504493a5639161dc2eae74b,2026-05-15T04:24:19.658Z
59,0x02d11B094193bfcb98A77cd7beC7fcab7A94c727,40,40000000000000000000,0x46c0d361495c2295da64cc2cdfa2b81ecd45f0561504493a5639161dc2eae74b,2026-05-15T04:24:19.658Z
60,0x31120D4D61435C71b8d32bA904857E8684281C09,12,12000000000000000000,0x46c0d361495c2295da64cc2cdfa2b81ecd45f0561504493a5639161dc2eae74b,2026-05-15T04:24:19.658Z
61,0x5A74f5367a9c903AF70a538de7394E94d664617A,94,94000000000000000000,0x46c0d361495c2295da64cc2cdfa2b81ecd45f0561504493a5639161dc2eae74b,2026-05-15T04:24:19.658Z
62,0x0baEd54FED7724DB40a33fA24eb30B76E3542491,54,54000000000000000000,0x46c0d361495c2295da64cc2cdfa2b81ecd45f0561504493a5639161dc2eae74b,2026-05-15T04:24:19.658Z
63,0xA47fb028c21787C08dcec1B21C9ec75d985140a3,48,48000000000000000000,0x46c0d361495c2295da64cc2cdfa2b81ecd45f0561504493a5639161dc2eae74b,2026-05-15T04:24:19.658Z
64,0x3763f8d659F4d538F70425E418584e827F636f58,76,76000000000000000000,0x46c0d361495c2295da64cc2cdfa2b81ecd45f0561504493a5639161dc2eae74b,2026-05-15T04:24:19.658Z
65,0xffA1CDAb69CE8ADd8d3433Ec48515ca677f5d6d5,44,44000000000000000000,0x46c0d361495c2295da64cc2cdfa2b81ecd45f0561504493a5639161dc2eae74b,2026-05-15T04:24:19.658Z
66,0x5590bA5b06E333508Ed058729e2Ce66F4D95F663,42,42000000000000000000,0x46c0d361495c2295da64cc2cdfa2b81ecd45f0561504493a5639161dc2eae74b,2026-05-15T04:24:19.658Z
67,0x57CBAacDd11C2eef08Bd17a33782Fd58e63cC08a,9,9000000000000000000,0x46c0d361495c2295da64cc2cdfa2b81ecd45f0561504493a5639161dc2eae74b,2026-05-15T04:24:19.658Z
68,0x1773FB1Da59e429B67e2A811b3bBA34f6aAE0774,72,72000000000000000000,0x46c0d361495c2295da64cc2cdfa2b81ecd45f0561504493a5639161dc2eae74b,2026-05-15T04:24:19.658Z
69,0xcBa9ED4E7ADE7144D0fcF6f29f358BC0c916781d,66,66000000000000000000,0x46c0d361495c2295da64cc2cdfa2b81ecd45f0561504493a5639161dc2eae74b,2026-05-15T04:24:19.658Z
70,0x1370D6e4491249Ab549335bA80552017F9223996,33,33000000000000000000,0x46c0d361495c2295da64cc2cdfa2b81ecd45f0561504493a5639161dc2eae74b,2026-05-15T04:24:19.658Z
71,0xc66Ee3fc3C4d643aa1Bb139f1c42f41EA801d5A8,34,34000000000000000000,0x46c0d361495c2295da64cc2cdfa2b81ecd45f0561504493a5639161dc2eae74b,2026-05-15T04:24:19.658Z
72,0x5a07cEcF32145E08884DFab6BDe87706D93B061e,15,15000000000000000000,0x46c0d361495c2295da64cc2cdfa2b81ecd45f0561504493a5639161dc2eae74b,2026-05-15T04:24:19.658Z
73,0xEac6A3d55c554B2fA7C23D7fEc9becaEaf2e1395,94,94000000000000000000,0x46c0d361495c2295da64cc2cdfa2b81ecd45f0561504493a5639161dc2eae74b,2026-05-15T04:24:19.658Z
74,0x839513fed7420A1D48e0866904C42C058c790E45,30,30000000000000000000,0x46c0d361495c2295da64cc2cdfa2b81ecd45f0561504493a5639161dc2eae74b,2026-05-15T04:24:19.658Z
75,0xa86eE1D2955eFEe64c1A0b59f18Bf5f18a7dbafe,48,48000000000000000000,0x46c0d361495c2295da64cc2cdfa2b81ecd45f0561504493a5639161dc2eae74b,2026-05-15T04:24:19.658Z
76,0xD01066AB373eEAD1366A0Be36C9e89C0C5dD6E99,19,19000000000000000000,0x46c0d361495c2295da64cc2cdfa2b81ecd45f0561504493a5639161dc2eae74b,2026-05-15T04:24:19.658Z
77,0xc06351ee1B63946C3e1BC6afFf76ED0C255972c1,94,94000000000000000000,0x46c0d361495c2295da64cc2cdfa2b81ecd45f0561504493a5639161dc2eae74b,2026-05-15T04:24:19.658Z
78,0x5E6a2Ff6C33d69ceA8dDCf122a68CEA7F93936Ab,74,74000000000000000000,0x46c0d361495c2295da64cc2cdfa2b81ecd45f0561504493a5639161dc2eae74b,2026-05-15T04:24:19.658Z
79,0xD1c0C4e6642A57E7CDb00586ddB54FF82bcb25e5,64,64000000000000000000,0x46c0d361495c2295da64cc2cdfa2b81ecd45f0561504493a5639161dc2eae74b,2026-05-15T04:24:19.658Z
80,0x0433aD4156813C073Eb1C5141823214872A13c5D,100,100000000000000000000,0x46c0d361495c2295da64cc2cdfa2b81ecd45f0561504493a5639161dc2eae74b,2026-05-15T04:24:19.658Z
81,0x3a5A8EA413Ef8289413a16398df08AdE1BDD3628,58,58000000000000000000,0x46c0d361495c2295da64cc2cdfa2b81ecd45f0561504493a5639161dc2eae74b,2026-05-15T04:24:19.658Z
82,0x23cDa71DfC57ba59649F4D7a1D59adf81AA33d78,26,26000000000000000000,0x46c0d361495c2295da64cc2cdfa2b81ecd45f0561504493a5639161dc2eae74b,2026-05-15T04:24:19.658Z
83,0x410a3661641C3A4f733E3d7E697849904157bFdd,39,39000000000000000000,0x46c0d361495c2295da64cc2cdfa2b81ecd45f0561504493a5639161dc2eae74b,2026-05-15T04:24:19.658Z
84,0x2E561CE492c34E378C5abaE36D5b2BA28EdB1c1C,73,73000000000000000000,0x46c0d361495c2295da64cc2cdfa2b81ecd45f0561504493a5639161dc2eae74b,2026-05-15T04:24:19.658Z
85,0x9FF1b4a88DAD55D62bc16486F0c4a44f669Cb35B,78,78000000000000000000,0x46c0d361495c2295da64cc2cdfa2b81ecd45f0561504493a5639161dc2eae74b,2026-05-15T04:24:19.658Z
86,0xb9EE66b39aA48B43f9006485ABF2d18A903f3dC4,64,64000000000000000000,0x46c0d361495c2295da64cc2cdfa2b81ecd45f0561504493a5639161dc2eae74b,2026-05-15T04:24:19.658Z
87,0x413727AE6bC2377eaF5454DDD4842cCEBE309B9F,40,40000000000000000000,0x46c0d361495c2295da64cc2cdfa2b81ecd45f0561504493a5639161dc2eae74b,2026-05-15T04:24:19.658Z
88,0xca8D1637FFdB4906Fe520c281E9D9f99EcF1A245,85,85000000000000000000,0x46c0d361495c2295da64cc2cdfa2b81ecd45f0561504493a5639161dc2eae74b,2026-05-15T04:24:19.658Z
89,0x524125227294756F71b4aF8BF77F6E5e7a396390,87,87000000000000000000,0x46c0d361495c2295da64cc2cdfa2b81ecd45f0561504493a5639161dc2eae74b,2026-05-15T04:24:19.658Z
90,0xD93d15f6a80356c0ECF8e76215959A1782eA91A5,46,46000000000000000000,0x46c0d361495c2295da64cc2cdfa2b81ecd45f0561504493a5639161dc2eae74b,2026-05-15T04:24:19.658Z
91,0x67AdE13b0E55Ab5AE85e08645617adAC531aAE85,99,99000000000000000000,0x46c0d361495c2295da64cc2cdfa2b81ecd45f0561504493a5639161dc2eae74b,2026-05-15T04:24:19.658Z
92,0x9F1ADFb42eA901B69274bcaBa764a45da2684de7,81,81000000000000000000,0x46c0d361495c2295da64cc2cdfa2b81ecd45f0561504493a5639161dc2eae74b,2026-05-15T04:24:19.658Z
93,0xDb5a53FdD071cAAe55965912057aBa8957Ddd698,79,79000000000000000000,0x46c0d361495c2295da64cc2cdfa2b81ecd45f0561504493a5639161dc2eae74b,2026-05-15T04:24:19.658Z
94,0xFaD055fCf748F939D2DBa28169CDB062392c33E0,25,25000000000000000000,0x46c0d361495c2295da64cc2cdfa2b81ecd45f0561504493a5639161dc2eae74b,2026-05-15T04:24:19.658Z
95,0xCe67A6916DC2f8Af670F7d26bDee1cA13C0E1140,73,73000000000000000000,0x46c0d361495c2295da64cc2cdfa2b81ecd45f0561504493a5639161dc2eae74b,2026-05-15T04:24:19.658Z
96,0x516047048Eb63671a4f6f4887DDE34409d5203e1,7,7000000000000000000,0x46c0d361495c2295da64cc2cdfa2b81ecd45f0561504493a5639161dc2eae74b,2026-05-15T04:24:19.658Z
97,0x96C252f54122B78c28C96038D039f9A17a1Fb683,81,81000000000000000000,0x46c0d361495c2295da64cc2cdfa2b81ecd45f0561504493a5639161dc2eae74b,2026-05-15T04:24:19.658Z
98,0xA9988ED608a5710e83673bECF9f647fd82Ddc9c5,83,83000000000000000000,0x46c0d361495c2295da64cc2cdfa2b81ecd45f0561504493a5639161dc2eae74b,2026-05-15T04:24:19.658Z
99,0x95DC9e7e4B04fAD7a5513073f43dABEaaEf9f314,14,14000000000000000000,0x46c0d361495c2295da64cc2cdfa2b81ecd45f0561504493a5639161dc2eae74b,2026-05-15T04:24:19.658Z
100,0x3dE81CD48b5b17FCe9F02be22b024b993B346d65,43,43000000000000000000,0x73d634298d3873eb8b8693b85c7b4111c92d535d3b1f578c8a80be2d5ba0b62c,2026-05-15T04:24:19.658Z
101,0x27521fE660663Ce7aEa7aB0CE62fBEC54c278fA0,72,72000000000000000000,0x73d634298d3873eb8b8693b85c7b4111c92d535d3b1f578c8a80be2d5ba0b62c,2026-05-15T04:24:19.658Z
102,0x24205Ab222EC6221a7c466c33FE8C62c7C15e0FD,69,69000000000000000000,0x73d634298d3873eb8b8693b85c7b4111c92d535d3b1f578c8a80be2d5ba0b62c,2026-05-15T04:24:19.658Z
103,0x3B0AD1923E4C94D0622a9649d21A32c2D4e22e0b,74,74000000000000000000,0x73d634298d3873eb8b8693b85c7b4111c92d535d3b1f578c8a80be2d5ba0b62c,2026-05-15T04:24:19.658Z
104,0x2c20869E61E2648b6457FdBA1e17D47e4A5C5b76,81,81000000000000000000,0x73d634298d3873eb8b8693b85c7b4111c92d535d3b1f578c8a80be2d5ba0b62c,2026-05-15T04:24:19.658Z
105,0x3e8B058F4F631444868dfA902B2acC1c5EDD24b0,91,91000000000000000000,0x73d634298d3873eb8b8693b85c7b4111c92d535d3b1f578c8a80be2d5ba0b62c,2026-05-15T04:24:19.658Z
106,0x08B9E2499A16cA296F7030d8b870e7e67fE0611c,60,60000000000000000000,0x73d634298d3873eb8b8693b85c7b4111c92d535d3b1f578c8a80be2d5ba0b62c,2026-05-15T04:24:19.659Z
107,0xF390c5EF6b1Cdd69da31A14D443B1145d94d2B46,2,2000000000000000000,0x73d634298d3873eb8b8693b85c7b4111c92d535d3b1f578c8a80be2d5ba0b62c,2026-05-15T04:24:19.659Z
108,0x687C891290F05d77eb9ef7fd40508D84fc15b6A1,33,33000000000000000000,0x73d634298d3873eb8b8693b85c7b4111c92d535d3b1f578c8a80be2d5ba0b62c,2026-05-15T04:24:19.659Z
109,0x307e4A2936f0D9501d1Ee3d703c4b0C0eCe0B920,71,71000000000000000000,0x73d634298d3873eb8b8693b85c7b4111c92d535d3b1f578c8a80be2d5ba0b62c,2026-05-15T04:24:19.659Z
110,0xA670A01B35Ea9F25d33C23988FCeb70e8894a2CE,75,75000000000000000000,0x73d634298d3873eb8b8693b85c7b4111c92d535d3b1f578c8a80be2d5ba0b62c,2026-05-15T04:24:19.659Z
111,0xF714fe0174d94C0A0b4A89E088B3C981cA118388,85,85000000000000000000,0x73d634298d3873eb8b8693b85c7b4111c92d535d3b1f578c8a80be2d5ba0b62c,2026-05-15T04:24:19.659Z
112,0x75010cebb4d576cC2F3C4AF279e8286D24607581,19,19000000000000000000,0x73d634298d3873eb8b8693b85c7b4111c92d535d3b1f578c8a80be2d5ba0b62c,2026-05-15T04:24:19.659Z
113,0x4113BE0FDD9744139989df7A48F59AD4476ecCD3,52,52000000000000000000,0x73d634298d3873eb8b8693b85c7b4111c92d535d3b1f578c8a80be2d5ba0b62c,2026-05-15T04:24:19.659Z
114,0x0904960F5eDf18096B692d15bacB38125169e7a9,63,63000000000000000000,0x73d634298d3873eb8b8693b85c7b4111c92d535d3b1f578c8a80be2d5ba0b62c,2026-05-15T04:24:19.659Z
115,0x51c7F5B075e4cf0C29F290AdAd9cdD00e2727258,43,43000000000000000000,0x73d634298d3873eb8b8693b85c7b4111c92d535d3b1f578c8a80be2d5ba0b62c,2026-05-15T04:24:19.659Z
116,0x0Ce243403e9859310E78C65fF1EB7507783B6A69,86,86000000000000000000,0x73d634298d3873eb8b8693b85c7b4111c92d535d3b1f578c8a80be2d5ba0b62c,2026-05-15T04:24:19.659Z
117,0xe8790015feBB1E2517950B66D96fa30e6FC5C6b8,58,58000000000000000000,0x73d634298d3873eb8b8693b85c7b4111c92d535d3b1f578c8a80be2d5ba0b62c,2026-05-15T04:24:19.659Z
118,0x1bEE81Edf79691dcF52f6F3c89B5496119272f5b,2,2000000000000000000,0x73d634298d3873eb8b8693b85c7b4111c92d535d3b1f578c8a80be2d5ba0b62c,2026-05-15T04:24:19.659Z
119,0xa8eeA47560C263668F229324128Dc8f848014eC0,86,86000000000000000000,0x73d634298d3873eb8b8693b85c7b4111c92d535d3b1f578c8a80be2d5ba0b62c,2026-05-15T04:24:19.659Z
120,0x121B039802B13db7a7249Bc48D27b099B29B54e2,68,68000000000000000000,0x73d634298d3873eb8b8693b85c7b4111c92d535d3b1f578c8a80be2d5ba0b62c,2026-05-15T04:24:19.659Z
121,0xf7828C1523626E32c3f47d9537aB06256693901A,25,25000000000000000000,0x73d634298d3873eb8b8693b85c7b4111c92d535d3b1f578c8a80be2d5ba0b62c,2026-05-15T04:24:19.659Z
122,0x8F272e35e2b6C7E93DBF00F17446d583de389f96,93,93000000000000000000,0x73d634298d3873eb8b8693b85c7b4111c92d535d3b1f578c8a80be2d5ba0b62c,2026-05-15T04:24:19.659Z
123,0xe22be474283402E2b5e088a21a0083250A606657,14,14000000000000000000,0x73d634298d3873eb8b8693b85c7b4111c92d535d3b1f578c8a80be2d5ba0b62c,2026-05-15T04:24:19.659Z
124,0x8A1483d331b34514A605e4DA2e9e96A762b9c8fF,31,31000000000000000000,0x73d634298d3873eb8b8693b85c7b4111c92d535d3b1f578c8a80be2d5ba0b62c,2026-05-15T04:24:19.659Z
125,0xB840f48B64396468Ed059C7a3C1C2D0B7BCd8247,63,63000000000000000000,0x73d634298d3873eb8b8693b85c7b4111c92d535d3b1f578c8a80be2d5ba0b62c,2026-05-15T04:24:19.659Z
126,0x077E4DB5828A65dD918536cF2A50241d2A1279B3,43,43000000000000000000,0x73d634298d3873eb8b8693b85c7b4111c92d535d3b1f578c8a80be2d5ba0b62c,2026-05-15T04:24:19.659Z
127,0x77Ee5124d6602f1529fe4583e006F5F7262d6b0b,35,35000000000000000000,0x73d634298d3873eb8b8693b85c7b4111c92d535d3b1f578c8a80be2d5ba0b62c,2026-05-15T04:24:19.659Z
128,0xe3050b2AE50b19687bd119AfEab681750bB40d04,77,77000000000000000000,0x73d634298d3873eb8b8693b85c7b4111c92d535d3b1f578c8a80be2d5ba0b62c,2026-05-15T04:24:19.659Z
129,0xB4d7eddE7cBAB3CA055d1bFA5A9e0314A00431Ba,56,56000000000000000000,0x73d634298d3873eb8b8693b85c7b4111c92d535d3b1f578c8a80be2d5ba0b62c,2026-05-15T04:24:19.659Z
130,0x82d034b04434815a9C96dc52c3e9A9545e8Aa64d,53,53000000000000000000,0x73d634298d3873eb8b8693b85c7b4111c92d535d3b1f578c8a80be2d5ba0b62c,2026-05-15T04:24:19.659Z
131,0xB0Ac45aE54Bd6bD4f85D50CF6abC93F0eEe5d8A3,31,31000000000000000000,0x73d634298d3873eb8b8693b85c7b4111c92d535d3b1f578c8a80be2d5ba0b62c,2026-05-15T04:24:19.659Z
132,0x1560FA0F29786F690371601724D75c45E0FCCd1c,5,5000000000000000000,0x73d634298d3873eb8b8693b85c7b4111c92d535d3b1f578c8a80be2d5ba0b62c,2026-05-15T04:24:19.659Z
133,0xC3E3ad498B15727246703d3dFF1711027421BA39,73,73000000000000000000,0x73d634298d3873eb8b8693b85c7b4111c92d535d3b1f578c8a80be2d5ba0b62c,2026-05-15T04:24:19.659Z
134,0xc6198aDDAC1ce21960689a741D4615e3c68fE378,4,4000000000000000000,0x73d634298d3873eb8b8693b85c7b4111c92d535d3b1f578c8a80be2d5ba0b62c,2026-05-15T04:24:19.659Z
135,0x37a50755beCd17ebA31B3f41dAc4B3efCb8D8968,55,55000000000000000000,0x73d634298d3873eb8b8693b85c7b4111c92d535d3b1f578c8a80be2d5ba0b62c,2026-05-15T04:24:19.659Z
136,0x1c95F8ffD7013735c6aE3d18b40C0f298c8E83a0,79,79000000000000000000,0x73d634298d3873eb8b8693b85c7b4111c92d535d3b1f578c8a80be2d5ba0b62c,2026-05-15T04:24:19.659Z
137,0xb5C14D03C0E19c60742b740af3B71Fa900cDF8b9,31,31000000000000000000,0x73d634298d3873eb8b8693b85c7b4111c92d535d3b1f578c8a80be2d5ba0b62c,2026-05-15T04:24:19.659Z
138,0xCB63f6e311fd16De2bBCB54fA228a985962457b3,27,27000000000000000000,0x73d634298d3873eb8b8693b85c7b4111c92d535d3b1f578c8a80be2d5ba0b62c,2026-05-15T04:24:19.659Z
139,0x0102179963f9e05E83BbB36119E0154DF2BD38B3,33,33000000000000000000,0x73d634298d3873eb8b8693b85c7b4111c92d535d3b1f578c8a80be2d5ba0b62c,2026-05-15T04:24:19.659Z
140,0xaDBEF1fEC3FaC1d33DcBaA1ADBFB4DdB44f980e4,31,31000000000000000000,0x73d634298d3873eb8b8693b85c7b4111c92d535d3b1f578c8a80be2d5ba0b62c,2026-05-15T04:24:19.659Z
141,0x7EfeBF12B69a8f09a2c354c182b681775F6c8D72,17,17000000000000000000,0x73d634298d3873eb8b8693b85c7b4111c92d535d3b1f578c8a80be2d5ba0b62c,2026-05-15T04:24:19.659Z
142,0xED8896Ad3e36e0878aBFe87aeF5613Cb8de2F576,39,39000000000000000000,0x73d634298d3873eb8b8693b85c7b4111c92d535d3b1f578c8a80be2d5ba0b62c,2026-05-15T04:24:19.659Z
143,0xd7ca2428562f3EAe71D4591326d5318DE08AADEd,39,39000000000000000000,0x73d634298d3873eb8b8693b85c7b4111c92d535d3b1f578c8a80be2d5ba0b62c,2026-05-15T04:24:19.659Z
144,0xc0cf58d02055090104998b1C739c5a3B956132Fa,46,46000000000000000000,0x73d634298d3873eb8b8693b85c7b4111c92d535d3b1f578c8a80be2d5ba0b62c,2026-05-15T04:24:19.659Z
145,0x18b9F47414d59aA55822e1Ed431b6e182c64B2f4,82,82000000000000000000,0x73d634298d3873eb8b8693b85c7b4111c92d535d3b1f578c8a80be2d5ba0b62c,2026-05-15T04:24:19.659Z
146,0xA71435F2986FE733b1955Ddc28647591DED637dD,10,10000000000000000000,0x73d634298d3873eb8b8693b85c7b4111c92d535d3b1f578c8a80be2d5ba0b62c,2026-05-15T04:24:19.659Z
147,0x3FDD648d27D66A8748BFA20A6A677463bdbBAe61,55,55000000000000000000,0x73d634298d3873eb8b8693b85c7b4111c92d535d3b1f578c8a80be2d5ba0b62c,2026-05-15T04:24:19.659Z
148,0x3e1B80fbC96cAbF19a70aF0a41065bEb603B6989,57,57000000000000000000,0x73d634298d3873eb8b8693b85c7b4111c92d535d3b1f578c8a80be2d5ba0b62c,2026-05-15T04:24:19.659Z
149,0xc197F009f2536c767309375ecCd396FfE68F04df,77,77000000000000000000,0x73d634298d3873eb8b8693b85c7b4111c92d535d3b1f578c8a80be2d5ba0b62c,2026-05-15T04:24:19.659Z
150,0xc586926F949860c7bfdB24D1c2fA93aF54D17c03,58,58000000000000000000,0x73d634298d3873eb8b8693b85c7b4111c92d535d3b1f578c8a80be2d5ba0b62c,2026-05-15T04:24:19.659Z
151,0x74330ab28A58263a9d0bc8b3F74cceaF63b3bDc0,64,64000000000000000000,0x73d634298d3873eb8b8693b85c7b4111c92d535d3b1f578c8a80be2d5ba0b62c,2026-05-15T04:24:19.659Z
152,0x585b3ca6A0be6184e3D34CaADC1906F408AF3dE7,55,55000000000000000000,0x73d634298d3873eb8b8693b85c7b4111c92d535d3b1f578c8a80be2d5ba0b62c,2026-05-15T04:24:19.659Z
153,0x4866aC7fD1328aa38F2F83C232BA9086D134708a,44,44000000000000000000,0x73d634298d3873eb8b8693b85c7b4111c92d535d3b1f578c8a80be2d5ba0b62c,2026-05-15T04:24:19.659Z
154,0xbC7461038BbC9c9728023b07E4c9AE7Aa98e27F7,39,39000000000000000000,0x73d634298d3873eb8b8693b85c7b4111c92d535d3b1f578c8a80be2d5ba0b62c,2026-05-15T04:24:19.659Z
155,0x62D061F526cFd2232E89152d0844b52Dce6E52eF,42,42000000000000000000,0x73d634298d3873eb8b8693b85c7b4111c92d535d3b1f578c8a80be2d5ba0b62c,2026-05-15T04:24:19.659Z
156,0x99E8e25D7e14191A26fcdA43b02a2c7d065E975c,40,40000000000000000000,0x73d634298d3873eb8b8693b85c7b4111c92d535d3b1f578c8a80be2d5ba0b62c,2026-05-15T04:24:19.659Z
157,0x15356b19D2FFe16afE0Fe8342c19f657C16231c4,95,95000000000000000000,0x73d634298d3873eb8b8693b85c7b4111c92d535d3b1f578c8a80be2d5ba0b62c,2026-05-15T04:24:19.659Z
158,0x5E58FD94671B92A11f0856F6fb60C52E658eF06a,66,66000000000000000000,0x73d634298d3873eb8b8693b85c7b4111c92d535d3b1f578c8a80be2d5ba0b62c,2026-05-15T04:24:19.659Z
159,0x64826Bf4A7F2e5349eC046C21f07564F385B915A,45,45000000000000000000,0x73d634298d3873eb8b8693b85c7b4111c92d535d3b1f578c8a80be2d5ba0b62c,2026-05-15T04:24:19.659Z
160,0x758a02E97135ec09F68D0d6B00f6f1e9Db14aE51,25,25000000000000000000,0x73d634298d3873eb8b8693b85c7b4111c92d535d3b1f578c8a80be2d5ba0b62c,2026-05-15T04:24:19.659Z
161,0xDb48bf99762D4d46AFD1Ec1ac68f630e564c325b,34,34000000000000000000,0x73d634298d3873eb8b8693b85c7b4111c92d535d3b1f578c8a80be2d5ba0b62c,2026-05-15T04:24:19.659Z
162,0x9345Ed0AE66054aCE80217fC4F3fC80e28c076D6,56,56000000000000000000,0x73d634298d3873eb8b8693b85c7b4111c92d535d3b1f578c8a80be2d5ba0b62c,2026-05-15T04:24:19.659Z
163,0xf608da7A2774F85b796707435D71Ac5cc2d5A1B5,64,64000000000000000000,0x73d634298d3873eb8b8693b85c7b4111c92d535d3b1f578c8a80be2d5ba0b62c,2026-05-15T04:24:19.659Z
164,0x37618b00ff7C3Eb7402d606873cA81FCDd9D7E4d,1,1000000000000000000,0x73d634298d3873eb8b8693b85c7b4111c92d535d3b1f578c8a80be2d5ba0b62c,2026-05-15T04:24:19.659Z
165,0x705AB64eD9087CEa07aDFC0Ebd6c2555253bfD0D,15,15000000000000000000,0x73d634298d3873eb8b8693b85c7b4111c92d535d3b1f578c8a80be2d5ba0b62c,2026-05-15T04:24:19.659Z
166,0x4F6b4A48437b0B25fCB1F4ab0c6f37822ed13755,15,15000000000000000000,0x73d634298d3873eb8b8693b85c7b4111c92d535d3b1f578c8a80be2d5ba0b62c,2026-05-15T04:24:19.659Z
167,0xC4E34136eF6879BE7702bD924C4cb09BE3E0845c,25,25000000000000000000,0x73d634298d3873eb8b8693b85c7b4111c92d535d3b1f578c8a80be2d5ba0b62c,2026-05-15T04:24:19.659Z
168,0x7c3C12bf8C9e42eE16c206126d4e5eeA842d40c2,18,18000000000000000000,0x73d634298d3873eb8b8693b85c7b4111c92d535d3b1f578c8a80be2d5ba0b62c,2026-05-15T04:24:19.659Z
169,0xCD326361EA85F68d32f3647F1621425Dc48ce7d7,16,16000000000000000000,0x73d634298d3873eb8b8693b85c7b4111c92d535d3b1f578c8a80be2d5ba0b62c,2026-05-15T04:24:19.659Z
170,0x1A59f28CdFf151fA4ac4BCc8252c69dF87De1c39,84,84000000000000000000,0x73d634298d3873eb8b8693b85c7b4111c92d535d3b1f578c8a80be2d5ba0b62c,2026-05-15T04:24:19.659Z
171,0xd11172D1840E8A1309E2EDe07741F75B6da80191,90,90000000000000000000,0x73d634298d3873eb8b8693b85c7b4111c92d535d3b1f578c8a80be2d5ba0b62c,2026-05-15T04:24:19.659Z
172,0x8B6da189847067432941d3c2aC22c2289764265f,40,40000000000000000000,0x73d634298d3873eb8b8693b85c7b4111c92d535d3b1f578c8a80be2d5ba0b62c,2026-05-15T04:24:19.659Z
173,0x65A144eb9C55AF4c9020e49630c5bACF1888A69e,55,55000000000000000000,0x73d634298d3873eb8b8693b85c7b4111c92d535d3b1f578c8a80be2d5ba0b62c,2026-05-15T04:24:19.659Z
174,0xc9B8C4454986dc1cc6e7276f4E168750cB5b3D01,43,43000000000000000000,0x73d634298d3873eb8b8693b85c7b4111c92d535d3b1f578c8a80be2d5ba0b62c,2026-05-15T04:24:19.659Z
175,0x2A6760B69549D411D0a719Aa834Ffc50231e5e4c,30,30000000000000000000,0x73d634298d3873eb8b8693b85c7b4111c92d535d3b1f578c8a80be2d5ba0b62c,2026-05-15T04:24:19.659Z
176,0x6D25b8Db25971d54eD39224dBBF9eb4A8341FBB7,37,37000000000000000000,0x73d634298d3873eb8b8693b85c7b4111c92d535d3b1f578c8a80be2d5ba0b62c,2026-05-15T04:24:19.659Z
177,0x0E921A822d51Dcd4c9be9665ACb92c1941bcc429,99,99000000000000000000,0x73d634298d3873eb8b8693b85c7b4111c92d535d3b1f578c8a80be2d5ba0b62c,2026-05-15T04:24:19.659Z
178,0x85f4aB86A69EA657ECcb52b4964edd5a8B2c2dFc,82,82000000000000000000,0x73d634298d3873eb8b8693b85c7b4111c92d535d3b1f578c8a80be2d5ba0b62c,2026-05-15T04:24:19.659Z
179,0xf056396356deeF8a86Ad761d9622c86d732f9acf,80,80000000000000000000,0x73d634298d3873eb8b8693b85c7b4111c92d535d3b1f578c8a80be2d5ba0b62c,2026-05-15T04:24:19.660Z
180,0x53aeD73927fA603a4C89e23d2903Ea6f2677eB83,50,50000000000000000000,0x73d634298d3873eb8b8693b85c7b4111c92d535d3b1f578c8a80be2d5ba0b62c,2026-05-15T04:24:19.660Z
181,0x841ab963A351B1bF161413E819358A54D53b1094,24,24000000000000000000,0x73d634298d3873eb8b8693b85c7b4111c92d535d3b1f578c8a80be2d5ba0b62c,2026-05-15T04:24:19.660Z
182,0xbd72ca464A9Ef784d145aee6c84534368EaAdea7,69,69000000000000000000,0x73d634298d3873eb8b8693b85c7b4111c92d535d3b1f578c8a80be2d5ba0b62c,2026-05-15T04:24:19.660Z
183,0x08EC64da4115eB53b7882C230aF8e3457E5Ec55C,97,97000000000000000000,0x73d634298d3873eb8b8693b85c7b4111c92d535d3b1f578c8a80be2d5ba0b62c,2026-05-15T04:24:19.660Z
184,0xF7A8ac4BFf0F9a31c8617456033725049c29E595,53,53000000000000000000,0x73d634298d3873eb8b8693b85c7b4111c92d535d3b1f578c8a80be2d5ba0b62c,2026-05-15T04:24:19.660Z
185,0x624570BE1D430B9Ca1CdF710D93Cc6625C6f2A52,39,39000000000000000000,0x73d634298d3873eb8b8693b85c7b4111c92d535d3b1f578c8a80be2d5ba0b62c,2026-05-15T04:24:19.660Z
186,0xC5a80F02a06e24e848bbA3602B0BFF7cf70117CB,87,87000000000000000000,0x73d634298d3873eb8b8693b85c7b4111c92d535d3b1f578c8a80be2d5ba0b62c,2026-05-15T04:24:19.660Z
187,0x20a33635270591deEf850beE12E9D2Ff8E8bc3b7,72,72000000000000000000,0x73d634298d3873eb8b8693b85c7b4111c92d535d3b1f578c8a80be2d5ba0b62c,2026-05-15T04:24:19.660Z
188,0xd81079a88BA13046465446b5F3609f7fA51c8A80,89,89000000000000000000,0x73d634298d3873eb8b8693b85c7b4111c92d535d3b1f578c8a80be2d5ba0b62c,2026-05-15T04:24:19.660Z
189,0x6c718d0e3D9835653BFB09532D91A5797AAe7590,54,54000000000000000000,0x73d634298d3873eb8b8693b85c7b4111c92d535d3b1f578c8a80be2d5ba0b62c,2026-05-15T04:24:19.660Z
190,0x816c31eB9469cbc509bd78D8fCa7C5831Afa5A12,55,55000000000000000000,0x73d634298d3873eb8b8693b85c7b4111c92d535d3b1f578c8a80be2d5ba0b62c,2026-05-15T04:24:19.660Z
191,0x1fBa9086cdeD5077867B0C065594a00c763655A1,65,65000000000000000000,0x73d634298d3873eb8b8693b85c7b4111c92d535d3b1f578c8a80be2d5ba0b62c,2026-05-15T04:24:19.660Z
192,0x2F66B460c60BE550CF1B80F68639c07c551a75bf,63,63000000000000000000,0x73d634298d3873eb8b8693b85c7b4111c92d535d3b1f578c8a80be2d5ba0b62c,2026-05-15T04:24:19.660Z
193,0x66ABc2Dc6c46dd4bf4d6D7A6144D744095De7606,100,100000000000000000000,0x73d634298d3873eb8b8693b85c7b4111c92d535d3b1f578c8a80be2d5ba0b62c,2026-05-15T04:24:19.660Z
194,0x061eD883d24Ce21A1c63bDf170438503c0201771,49,49000000000000000000,0x73d634298d3873eb8b8693b85c7b4111c92d535d3b1f578c8a80be2d5ba0b62c,2026-05-15T04:24:19.660Z
195,0x8C67c11721e1F25c800D05420c01CaB3f2488aC4,57,57000000000000000000,0x73d634298d3873eb8b8693b85c7b4111c92d535d3b1f578c8a80be2d5ba0b62c,2026-05-15T04:24:19.660Z
196,0x8557f84262e62ACCCBe7D7B7842b4B27EB3fA29c,34,34000000000000000000,0x73d634298d3873eb8b8693b85c7b4111c92d535d3b1f578c8a80be2d5ba0b62c,2026-05-15T04:24:19.660Z
197,0x8a354ba47e06754A25909f7f53DA82a77cd88f49,61,61000000000000000000,0x73d634298d3873eb8b8693b85c7b4111c92d535d3b1f578c8a80be2d5ba0b62c,2026-05-15T04:24:19.660Z
198,0x9b72A56a4CD347940d87Da7ACBA826c279a1152C,96,96000000000000000000,0x73d634298d3873eb8b8693b85c7b4111c92d535d3b1f578c8a80be2d5ba0b62c,2026-05-15T04:24:19.660Z
199,0x4F6C194C25ca646c3EbC3175C7Bc6Aa955103adA,59,59000000000000000000,0x73d634298d3873eb8b8693b85c7b4111c92d535d3b1f578c8a80be2d5ba0b62c,2026-05-15T04:24:19.660Z
200,0xcda0f703F7009EC0f821BeC114961E346ed617bc,54,54000000000000000000,0x76a6e70ed0eb5cdcfe7c072a409e86e0fdcfea960b06a0844bc3decacf374702,2026-05-15T04:24:19.660Z
201,0x8435E893Dc9b5F34E01D785632808d66C785E492,12,12000000000000000000,0x76a6e70ed0eb5cdcfe7c072a409e86e0fdcfea960b06a0844bc3decacf374702,2026-05-15T04:24:19.660Z
202,0x8b347bA79755b391083357E2446f513CAC8623B9,11,11000000000000000000,0x76a6e70ed0eb5cdcfe7c072a409e86e0fdcfea960b06a0844bc3decacf374702,2026-05-15T04:24:19.660Z
203,0xE5412bB0733d56FC8A7Cf36e5AE3ae8eae661Ebe,69,69000000000000000000,0x76a6e70ed0eb5cdcfe7c072a409e86e0fdcfea960b06a0844bc3decacf374702,2026-05-15T04:24:19.660Z
204,0xEE4A81e8F0d94c355c870270A46670b432C5286f,75,75000000000000000000,0x76a6e70ed0eb5cdcfe7c072a409e86e0fdcfea960b06a0844bc3decacf374702,2026-05-15T04:24:19.660Z
205,0x64b3E31f222063B7027E134e40c5Ac164e47A3aD,9,9000000000000000000,0x76a6e70ed0eb5cdcfe7c072a409e86e0fdcfea960b06a0844bc3decacf374702,2026-05-15T04:24:19.660Z
206,0xF82c1A88621E5112CA4357B54e96b7F7698951fD,34,34000000000000000000,0x76a6e70ed0eb5cdcfe7c072a409e86e0fdcfea960b06a0844bc3decacf374702,2026-05-15T04:24:19.660Z
207,0x4C984450ea6c28a5Af31533639221509Ef1CAcD6,29,29000000000000000000,0x76a6e70ed0eb5cdcfe7c072a409e86e0fdcfea960b06a0844bc3decacf374702,2026-05-15T04:24:19.660Z
208,0xDEACca5F08d53012aC0b9763FF10AC35BEEE6372,7,7000000000000000000,0x76a6e70ed0eb5cdcfe7c072a409e86e0fdcfea960b06a0844bc3decacf374702,2026-05-15T04:24:19.660Z
209,0x905410F9e48555809716E8e6fAE5eDb4A6078737,21,21000000000000000000,0x76a6e70ed0eb5cdcfe7c072a409e86e0fdcfea960b06a0844bc3decacf374702,2026-05-15T04:24:19.660Z
210,0x485Ee7718702bCaB96990266aD40D7a0F2930279,1,1000000000000000000,0x76a6e70ed0eb5cdcfe7c072a409e86e0fdcfea960b06a0844bc3decacf374702,2026-05-15T04:24:19.660Z
211,0xe8b80165C31A8FF94AA8082900DcdB9d0Acc87c3,77,77000000000000000000,0x76a6e70ed0eb5cdcfe7c072a409e86e0fdcfea960b06a0844bc3decacf374702,2026-05-15T04:24:19.660Z
212,0xFe9340f53f1d5f22CC594EEd67F84474E2513c78,43,43000000000000000000,0x76a6e70ed0eb5cdcfe7c072a409e86e0fdcfea960b06a0844bc3decacf374702,2026-05-15T04:24:19.660Z
213,0x28ECE852D5b91877236976c2Fc77f178a5f90C42,44,44000000000000000000,0x76a6e70ed0eb5cdcfe7c072a409e86e0fdcfea960b06a0844bc3decacf374702,2026-05-15T04:24:19.660Z
214,0x461de2bF5E95F8c52150Bf6Ca1969552815Ef36D,92,92000000000000000000,0x76a6e70ed0eb5cdcfe7c072a409e86e0fdcfea960b06a0844bc3decacf374702,2026-05-15T04:24:19.660Z
215,0xDB03BdF38B70722744a2668436bcf5B345D5ed17,23,23000000000000000000,0x76a6e70ed0eb5cdcfe7c072a409e86e0fdcfea960b06a0844bc3decacf374702,2026-05-15T04:24:19.660Z
216,0x594506F942Bb69B1337ec6211E05d7Fd83339306,7,7000000000000000000,0x76a6e70ed0eb5cdcfe7c072a409e86e0fdcfea960b06a0844bc3decacf374702,2026-05-15T04:24:19.660Z
217,0x67c364E6000E8B0a8FBF635a11fF09F2d9E9E8A8,28,28000000000000000000,0x76a6e70ed0eb5cdcfe7c072a409e86e0fdcfea960b06a0844bc3decacf374702,2026-05-15T04:24:19.660Z
218,0x86EF0372709f9D6E67334Eba8695550919ecdBDa,38,38000000000000000000,0x76a6e70ed0eb5cdcfe7c072a409e86e0fdcfea960b06a0844bc3decacf374702,2026-05-15T04:24:19.660Z
219,0xD5955562f2e9F83872218e30CE124ffD393d285B,82,82000000000000000000,0x76a6e70ed0eb5cdcfe7c072a409e86e0fdcfea960b06a0844bc3decacf374702,2026-05-15T04:24:19.660Z
220,0x2cc6EF7B50aC1466A6E0A677913B827c028BFde3,29,29000000000000000000,0x76a6e70ed0eb5cdcfe7c072a409e86e0fdcfea960b06a0844bc3decacf374702,2026-05-15T04:24:19.660Z
221,0x84129Ace6789141F17E37cE231Dc6d16cAD0d72b,71,71000000000000000000,0x76a6e70ed0eb5cdcfe7c072a409e86e0fdcfea960b06a0844bc3decacf374702,2026-05-15T04:24:19.660Z
222,0x1d6c6012Be8AC94b747aBD54DAC610850CA49651,74,74000000000000000000,0x76a6e70ed0eb5cdcfe7c072a409e86e0fdcfea960b06a0844bc3decacf374702,2026-05-15T04:24:19.660Z
223,0x8895DEEAFD6DCDFb74246FCb3B1Edb0BF554Ab4E,72,72000000000000000000,0x76a6e70ed0eb5cdcfe7c072a409e86e0fdcfea960b06a0844bc3decacf374702,2026-05-15T04:24:19.660Z
224,0x9d0BB6Ed086A3a62b063D1E02f2076Ab917ABC48,48,48000000000000000000,0x76a6e70ed0eb5cdcfe7c072a409e86e0fdcfea960b06a0844bc3decacf374702,2026-05-15T04:24:19.660Z
225,0x737cC3bD13f910731bd0571Ab63948457562E83E,63,63000000000000000000,0x76a6e70ed0eb5cdcfe7c072a409e86e0fdcfea960b06a0844bc3decacf374702,2026-05-15T04:24:19.660Z
226,0x6ccf1F75De396B60f15FFAce29DCe419be327273,77,77000000000000000000,0x76a6e70ed0eb5cdcfe7c072a409e86e0fdcfea960b06a0844bc3decacf374702,2026-05-15T04:24:19.660Z
227,0x50e0A18180d3b58162928b99E625c3e8eBd372Dc,2,2000000000000000000,0x76a6e70ed0eb5cdcfe7c072a409e86e0fdcfea960b06a0844bc3decacf374702,2026-05-15T04:24:19.660Z
228,0x23F064d965574B3AeD72cfc402129bAFa84676C8,41,41000000000000000000,0x76a6e70ed0eb5cdcfe7c072a409e86e0fdcfea960b06a0844bc3decacf374702,2026-05-15T04:24:19.660Z
229,0xc6057686C249675C7F2bd9C8D75F82419ff01cd4,1,1000000000000000000,0x76a6e70ed0eb5cdcfe7c072a409e86e0fdcfea960b06a0844bc3decacf374702,2026-05-15T04:24:19.660Z
230,0xB95dd481fdd335eED51CF11174dB9c3aEE01E5CB,59,59000000000000000000,0x76a6e70ed0eb5cdcfe7c072a409e86e0fdcfea960b06a0844bc3decacf374702,2026-05-15T04:24:19.660Z
231,0x9F9458DB38ddC4aE658Ce95Aec6891aFB53525f9,82,82000000000000000000,0x76a6e70ed0eb5cdcfe7c072a409e86e0fdcfea960b06a0844bc3decacf374702,2026-05-15T04:24:19.660Z
232,0xE297fA353f5e85Abf5D17cF5E3CDF1eb05026de6,92,92000000000000000000,0x76a6e70ed0eb5cdcfe7c072a409e86e0fdcfea960b06a0844bc3decacf374702,2026-05-15T04:24:19.660Z
233,0x883A17230C966762580F3a275c322cB458d21761,26,26000000000000000000,0x76a6e70ed0eb5cdcfe7c072a409e86e0fdcfea960b06a0844bc3decacf374702,2026-05-15T04:24:19.660Z
234,0xb4A3F0b5FeC108c0C6d3806FFD2995665A2DAdD4,32,32000000000000000000,0x76a6e70ed0eb5cdcfe7c072a409e86e0fdcfea960b06a0844bc3decacf374702,2026-05-15T04:24:19.660Z
235,0x238C0630E11419B03b297065a1051B11b994B1eF,89,89000000000000000000,0x76a6e70ed0eb5cdcfe7c072a409e86e0fdcfea960b06a0844bc3decacf374702,2026-05-15T04:24:19.660Z
236,0xEf44A199D04C9BB68E31b89189bDd7CE4A3017C4,59,59000000000000000000,0x76a6e70ed0eb5cdcfe7c072a409e86e0fdcfea960b06a0844bc3decacf374702,2026-05-15T04:24:19.660Z
237,0x2Dd86143114195E44ca4103C4CDcB4d9023ABE25,2,2000000000000000000,0x76a6e70ed0eb5cdcfe7c072a409e86e0fdcfea960b06a0844bc3decacf374702,2026-05-15T04:24:19.660Z
238,0x9a06550da68594eAc9C57140AB75C0301671f5a6,77,77000000000000000000,0x76a6e70ed0eb5cdcfe7c072a409e86e0fdcfea960b06a0844bc3decacf374702,2026-05-15T04:24:19.660Z
239,0x1cf4ba2f81fB5034df72e945299661F101087bd6,69,69000000000000000000,0x76a6e70ed0eb5cdcfe7c072a409e86e0fdcfea960b06a0844bc3decacf374702,2026-05-15T04:24:19.660Z
240,0x8D1C6234c8b43872612ECc8bd1A367A8474190CF,38,38000000000000000000,0x76a6e70ed0eb5cdcfe7c072a409e86e0fdcfea960b06a0844bc3decacf374702,2026-05-15T04:24:19.660Z
241,0x1da6Dcd2694Bb1A1FfA61aE00347B40f9FEBa0C4,37,37000000000000000000,0x76a6e70ed0eb5cdcfe7c072a409e86e0fdcfea960b06a0844bc3decacf374702,2026-05-15T04:24:19.660Z
242,0xb2fe64d5592C9f543f07f3A17a04E49f58dCE491,73,73000000000000000000,0x76a6e70ed0eb5cdcfe7c072a409e86e0fdcfea960b06a0844bc3decacf374702,2026-05-15T04:24:19.660Z
243,0x933504F54606948c7327537f5322B568009ad431,53,53000000000000000000,0x76a6e70ed0eb5cdcfe7c072a409e86e0fdcfea960b06a0844bc3decacf374702,2026-05-15T04:24:19.660Z
244,0x96bE14cB02A4201980dF7dE01f7c619A52D9dfdA,52,52000000000000000000,0x76a6e70ed0eb5cdcfe7c072a409e86e0fdcfea960b06a0844bc3decacf374702,2026-05-15T04:24:19.660Z
245,0xFa47F1D32522B1F4e93770e023d99E0e00d82519,21,21000000000000000000,0x76a6e70ed0eb5cdcfe7c072a409e86e0fdcfea960b06a0844bc3decacf374702,2026-05-15T04:24:19.660Z
246,0xf5031aCF92C8e2B9e5fe26b16713DeDf143c5C78,87,87000000000000000000,0x76a6e70ed0eb5cdcfe7c072a409e86e0fdcfea960b06a0844bc3decacf374702,2026-05-15T04:24:19.660Z
247,0x37887A548AB283ab25452908E002991E825b9441,55,55000000000000000000,0x76a6e70ed0eb5cdcfe7c072a409e86e0fdcfea960b06a0844bc3decacf374702,2026-05-15T04:24:19.660Z
248,0x07c0ebF88f1D3E7b3F42E6AD9Bb377B2018C484f,58,58000000000000000000,0x76a6e70ed0eb5cdcfe7c072a409e86e0fdcfea960b06a0844bc3decacf374702,2026-05-15T04:24:19.660Z
249,0x6fFC125F66070cA22463Ba6E47bb0905B1cf0F25,76,76000000000000000000,0x76a6e70ed0eb5cdcfe7c072a409e86e0fdcfea960b06a0844bc3decacf374702,2026-05-15T04:24:19.660Z
250,0x34B0f5Dc7dCE653C398aAFD338648d4505a4589f,13,13000000000000000000,0x76a6e70ed0eb5cdcfe7c072a409e86e0fdcfea960b06a0844bc3decacf374702,2026-05-15T04:24:19.661Z
251,0x91dF093F499361870ccd50ca83a5E5c1c333C59A,78,78000000000000000000,0x76a6e70ed0eb5cdcfe7c072a409e86e0fdcfea960b06a0844bc3decacf374702,2026-05-15T04:24:19.661Z
252,0xa06c1a7Fd60f22c3B4Ac14024412057beD50B48C,13,13000000000000000000,0x76a6e70ed0eb5cdcfe7c072a409e86e0fdcfea960b06a0844bc3decacf374702,2026-05-15T04:24:19.661Z
253,0xA770D5E6cCb2D5B7e8bCa22105A591b2063A8226,30,30000000000000000000,0x76a6e70ed0eb5cdcfe7c072a409e86e0fdcfea960b06a0844bc3decacf374702,2026-05-15T04:24:19.661Z
254,0xF789df34Da5E610d046Fa190fC832F8488695b7E,24,24000000000000000000,0x76a6e70ed0eb5cdcfe7c072a409e86e0fdcfea960b06a0844bc3decacf374702,2026-05-15T04:24:19.661Z
255,0x56d326AA588F8c8213c29a4cbc1ec86585Ae624A,40,40000000000000000000,0x76a6e70ed0eb5cdcfe7c072a409e86e0fdcfea960b06a0844bc3decacf374702,2026-05-15T04:24:19.661Z
256,0x5244eB1590FCD5Bf85E61192636DdcA3d0A4dfa5,74,74000000000000000000,0x76a6e70ed0eb5cdcfe7c072a409e86e0fdcfea960b06a0844bc3decacf374702,2026-05-15T04:24:19.661Z
257,0x081525488600aDc698Cf8b0C9aF40Ab521dA37BA,15,15000000000000000000,0x76a6e70ed0eb5cdcfe7c072a409e86e0fdcfea960b06a0844bc3decacf374702,2026-05-15T04:24:19.661Z
258,0xaF02fcD7a9F8e478e9F98565818b3998C9cbef27,37,37000000000000000000,0x76a6e70ed0eb5cdcfe7c072a409e86e0fdcfea960b06a0844bc3decacf374702,2026-05-15T04:24:19.661Z
259,0x36C3eAAdA564D94852fFeADE02808b2FB82f2400,31,31000000000000000000,0x76a6e70ed0eb5cdcfe7c072a409e86e0fdcfea960b06a0844bc3decacf374702,2026-05-15T04:24:19.661Z
260,0x3c8230ad8f2257029D6Bd87AF47E25ece91c98Fa,7,7000000000000000000,0x76a6e70ed0eb5cdcfe7c072a409e86e0fdcfea960b06a0844bc3decacf374702,2026-05-15T04:24:19.661Z
261,0x6dA2fb40fdb023F68b35dD8E7B1A13bd1E5D3624,32,32000000000000000000,0x76a6e70ed0eb5cdcfe7c072a409e86e0fdcfea960b06a0844bc3decacf374702,2026-05-15T04:24:19.661Z
262,0x3CaE6b0e202770fb6c4ca137B6615AFd884624c7,45,45000000000000000000,0x76a6e70ed0eb5cdcfe7c072a409e86e0fdcfea960b06a0844bc3decacf374702,2026-05-15T04:24:19.661Z
263,0xB7aF3517fc7c7aa29D169865707a03C970ea612f,12,12000000000000000000,0x76a6e70ed0eb5cdcfe7c072a409e86e0fdcfea960b06a0844bc3decacf374702,2026-05-15T04:24:19.661Z
264,0xbfA34360C882114Dfc985554866DC0EC255C2276,78,78000000000000000000,0x76a6e70ed0eb5cdcfe7c072a409e86e0fdcfea960b06a0844bc3decacf374702,2026-05-15T04:24:19.661Z
265,0xFBaD0C6FC861163F7e1E83E5Aa81A9A14F5baD22,10,10000000000000000000,0x76a6e70ed0eb5cdcfe7c072a409e86e0fdcfea960b06a0844bc3decacf374702,2026-05-15T04:24:19.661Z
266,0x7753418445bB9591f1713b7461EDF56f7A5bE3B4,20,20000000000000000000,0x76a6e70ed0eb5cdcfe7c072a409e86e0fdcfea960b06a0844bc3decacf374702,2026-05-15T04:24:19.661Z
267,0x6A7fbc5Adbc829e73828252E0d37596f52D3c6D7,67,67000000000000000000,0x76a6e70ed0eb5cdcfe7c072a409e86e0fdcfea960b06a0844bc3decacf374702,2026-05-15T04:24:19.661Z
268,0x7faD0FC5A0f6A18D625A3f22fe278EDD41973d27,64,64000000000000000000,0x76a6e70ed0eb5cdcfe7c072a409e86e0fdcfea960b06a0844bc3decacf374702,2026-05-15T04:24:19.661Z
269,0xCd2b278990f469a0B3Cd72601A9162854321a54D,70,70000000000000000000,0x76a6e70ed0eb5cdcfe7c072a409e86e0fdcfea960b06a0844bc3decacf374702,2026-05-15T04:24:19.661Z
270,0xBB5b626284452b7194c80c7E77C15948eD92723A,2,2000000000000000000,0x76a6e70ed0eb5cdcfe7c072a409e86e0fdcfea960b06a0844bc3decacf374702,2026-05-15T04:24:19.661Z
271,0xfb88d5905F2029c0F38c66FD49f02E834A41C01b,83,83000000000000000000,0x76a6e70ed0eb5cdcfe7c072a409e86e0fdcfea960b06a0844bc3decacf374702,2026-05-15T04:24:19.661Z
272,0x89599258af66b96773cAd575ae32845b84aC6d5e,69,69000000000000000000,0x76a6e70ed0eb5cdcfe7c072a409e86e0fdcfea960b06a0844bc3decacf374702,2026-05-15T04:24:19.661Z
273,0x22BA1689D68fe82c0D48dE1ab7144241Be58F1F7,94,94000000000000000000,0x76a6e70ed0eb5cdcfe7c072a409e86e0fdcfea960b06a0844bc3decacf374702,2026-05-15T04:24:19.661Z
274,0x30188D2d9909465057D5971bC74335ceed2431FD,38,38000000000000000000,0x76a6e70ed0eb5cdcfe7c072a409e86e0fdcfea960b06a0844bc3decacf374702,2026-05-15T04:24:19.661Z
275,0xAA179E4D97D02992B8adDc95aBaAfdd03dE5e5c7,34,34000000000000000000,0x76a6e70ed0eb5cdcfe7c072a409e86e0fdcfea960b06a0844bc3decacf374702,2026-05-15T04:24:19.661Z
276,0x2F18050D157507Bbdb32c00Fd244A32e2C1eD6db,9,9000000000000000000,0x76a6e70ed0eb5cdcfe7c072a409e86e0fdcfea960b06a0844bc3decacf374702,2026-05-15T04:24:19.661Z
277,0x3de10c0A2E0BB6f97eF39A77B94e7f9fd0d5a890,90,90000000000000000000,0x76a6e70ed0eb5cdcfe7c072a409e86e0fdcfea960b06a0844bc3decacf374702,2026-05-15T04:24:19.661Z
278,0x538E1E7B538aa05E121d5C4A5Ad9A742BeCbC219,72,72000000000000000000,0x76a6e70ed0eb5cdcfe7c072a409e86e0fdcfea960b06a0844bc3decacf374702,2026-05-15T04:24:19.661Z
279,0xeF415D92346f48BD2d023F8177896D0B372c642E,57,57000000000000000000,0x76a6e70ed0eb5cdcfe7c072a409e86e0fdcfea960b06a0844bc3decacf374702,2026-05-15T04:24:19.661Z
280,0xa16b71D41DC1793EeA1615d3CEBb1936CcA6c520,6,6000000000000000000,0x76a6e70ed0eb5cdcfe7c072a409e86e0fdcfea960b06a0844bc3decacf374702,2026-05-15T04:24:19.661Z
281,0x4A4724beF9d623F914C6bc8327c699f405cf3d67,36,36000000000000000000,0x76a6e70ed0eb5cdcfe7c072a409e86e0fdcfea960b06a0844bc3decacf374702,2026-05-15T04:24:19.661Z
282,0x0d1EE61b1CCD9A48D852F94C2C451cC453d8D23C,88,88000000000000000000,0x76a6e70ed0eb5cdcfe7c072a409e86e0fdcfea960b06a0844bc3decacf374702,2026-05-15T04:24:19.661Z
283,0xD08629478BFe0d17BCCb7d2AceF0266b35d60BC8,6,6000000000000000000,0x76a6e70ed0eb5cdcfe7c072a409e86e0fdcfea960b06a0844bc3decacf374702,2026-05-15T04:24:19.661Z
284,0xc051f414d34EeDa08d80252e6c9380BCce6417A2,78,78000000000000000000,0x76a6e70ed0eb5cdcfe7c072a409e86e0fdcfea960b06a0844bc3decacf374702,2026-05-15T04:24:19.661Z
285,0x73Ec2CAb321Cb5Bcb99FFDa259C1785308C4F147,97,97000000000000000000,0x76a6e70ed0eb5cdcfe7c072a409e86e0fdcfea960b06a0844bc3decacf374702,2026-05-15T04:24:19.661Z
286,0xF61182E413bd32C2A4d484E5e229e10DBEDD4f8E,5,5000000000000000000,0x76a6e70ed0eb5cdcfe7c072a409e86e0fdcfea960b06a0844bc3decacf374702,2026-05-15T04:24:19.661Z
287,0xE7C125B2fBF3A97De5993A39CE90f47B4B429118,38,38000000000000000000,0x76a6e70ed0eb5cdcfe7c072a409e86e0fdcfea960b06a0844bc3decacf374702,2026-05-15T04:24:19.661Z
288,0x9c4d552Aa64b379B26B40b171c158CB98132eeaf,41,41000000000000000000,0x76a6e70ed0eb5cdcfe7c072a409e86e0fdcfea960b06a0844bc3decacf374702,2026-05-15T04:24:19.661Z
289,0xbAc2179c954E0156Ef071f1CacFcDbc3beEb395B,59,59000000000000000000,0x76a6e70ed0eb5cdcfe7c072a409e86e0fdcfea960b06a0844bc3decacf374702,2026-05-15T04:24:19.661Z
290,0xAf0B014c4d554f3b8c774DE3f22CffbFBAca6Baf,75,75000000000000000000,0x76a6e70ed0eb5cdcfe7c072a409e86e0fdcfea960b06a0844bc3decacf374702,2026-05-15T04:24:19.661Z
291,0x6D94Ef18E4760f3800Cc781729e314895f63CccC,67,67000000000000000000,0x76a6e70ed0eb5cdcfe7c072a409e86e0fdcfea960b06a0844bc3decacf374702,2026-05-15T04:24:19.661Z
292,0x97577fE01b50762d12DC3cE5b7b9246E16221592,2,2000000000000000000,0x76a6e70ed0eb5cdcfe7c072a409e86e0fdcfea960b06a0844bc3decacf374702,2026-05-15T04:24:19.661Z
293,0x24f9E04f20Bc4167B136A73D9ae348325DEb7450,8,8000000000000000000,0x76a6e70ed0eb5cdcfe7c072a409e86e0fdcfea960b06a0844bc3decacf374702,2026-05-15T04:24:19.661Z
294,0xdE757D96294e3A2413F500914119d0680c74aBF7,3,3000000000000000000,0x76a6e70ed0eb5cdcfe7c072a409e86e0fdcfea960b06a0844bc3decacf374702,2026-05-15T04:24:19.661Z
295,0xd7bafAa4d87f2a32ea03a6fF725a3D4Ce9c53ED3,44,44000000000000000000,0x76a6e70ed0eb5cdcfe7c072a409e86e0fdcfea960b06a0844bc3decacf374702,2026-05-15T04:24:19.661Z
296,0xE25A6Ad634faDaC432d737Aad7324292dB69fe5C,95,95000000000000000000,0x76a6e70ed0eb5cdcfe7c072a409e86e0fdcfea960b06a0844bc3decacf374702,2026-05-15T04:24:19.661Z
297,0xb7d9a54aE087B210Ce035631d1B356F3ddE1D1d8,51,51000000000000000000,0x76a6e70ed0eb5cdcfe7c072a409e86e0fdcfea960b06a0844bc3decacf374702,2026-05-15T04:24:19.661Z
298,0x4D4E9CB1257Bb92e701017adf0D349EdD5198B8e,48,48000000000000000000,0x76a6e70ed0eb5cdcfe7c072a409e86e0fdcfea960b06a0844bc3decacf374702,2026-05-15T04:24:19.661Z
299,0x3fA987374601b60F4b4745915dA7E7845bA130f8,89,89000000000000000000,0x76a6e70ed0eb5cdcfe7c072a409e86e0fdcfea960b06a0844bc3decacf374702,2026-05-15T04:24:19.661Z
300,0xccABF89a9b4504471777317eA1DbC14ff506A844,22,22000000000000000000,0xbfd78e972e54eaaaf9b62b7bfc2a59e1821ed61e38916613d2896764ad3479e5,2026-05-15T04:24:19.661Z
301,0xc5C498EF9439704C5bCfd8F3e8871953369d720c,87,87000000000000000000,0xbfd78e972e54eaaaf9b62b7bfc2a59e1821ed61e38916613d2896764ad3479e5,2026-05-15T04:24:19.661Z
302,0xCBee4C825cC34D28D02cA8217344B4147c6B369E,22,22000000000000000000,0xbfd78e972e54eaaaf9b62b7bfc2a59e1821ed61e38916613d2896764ad3479e5,2026-05-15T04:24:19.661Z
303,0x648550F63D204fFb882a358F8Ef937115491B82F,3,3000000000000000000,0xbfd78e972e54eaaaf9b62b7bfc2a59e1821ed61e38916613d2896764ad3479e5,2026-05-15T04:24:19.661Z
304,0x726e2402BB5C4F92fAac91A8f36F397CF205Bc49,63,63000000000000000000,0xbfd78e972e54eaaaf9b62b7bfc2a59e1821ed61e38916613d2896764ad3479e5,2026-05-15T04:24:19.661Z
305,0x6972b23Bce761F357B5702730eaf42123D25997a,32,32000000000000000000,0xbfd78e972e54eaaaf9b62b7bfc2a59e1821ed61e38916613d2896764ad3479e5,2026-05-15T04:24:19.661Z
306,0x1A160B0A48B06eE7F4CE1c5F290eFb574CDeb1d6,47,47000000000000000000,0xbfd78e972e54eaaaf9b62b7bfc2a59e1821ed61e38916613d2896764ad3479e5,2026-05-15T04:24:19.661Z
307,0x5696b7484058442ae03781388460528DE66bB47b,93,93000000000000000000,0xbfd78e972e54eaaaf9b62b7bfc2a59e1821ed61e38916613d2896764ad3479e5,2026-05-15T04:24:19.661Z
308,0xb8F9e8c54fd90a1a3cb3B3eCE240991CD7202396,77,77000000000000000000,0xbfd78e972e54eaaaf9b62b7bfc2a59e1821ed61e38916613d2896764ad3479e5,2026-05-15T04:24:19.661Z
309,0xE23E06633c64664835F06d797fc3E4e3D8A496E9,86,86000000000000000000,0xbfd78e972e54eaaaf9b62b7bfc2a59e1821ed61e38916613d2896764ad3479e5,2026-05-15T04:24:19.661Z
310,0x775eB89F87e97671d7f54647317B1A7d4A2426a9,42,42000000000000000000,0xbfd78e972e54eaaaf9b62b7bfc2a59e1821ed61e38916613d2896764ad3479e5,2026-05-15T04:24:19.661Z
311,0x018ae6A59f1245cd839369bA0bF7028bEeC5eE6E,79,79000000000000000000,0xbfd78e972e54eaaaf9b62b7bfc2a59e1821ed61e38916613d2896764ad3479e5,2026-05-15T04:24:19.661Z
312,0x8cb7b45D1e4eFaFa7B5283F171821Ff83c7A335d,71,71000000000000000000,0xbfd78e972e54eaaaf9b62b7bfc2a59e1821ed61e38916613d2896764ad3479e5,2026-05-15T04:24:19.661Z
313,0x12b0AF6fd43db9ecb17B0a6a84273747fb603f2b,59,59000000000000000000,0xbfd78e972e54eaaaf9b62b7bfc2a59e1821ed61e38916613d2896764ad3479e5,2026-05-15T04:24:19.661Z
314,0xF7715d7154de6fD09343A5Cf58eB3dcDf252c81f,56,56000000000000000000,0xbfd78e972e54eaaaf9b62b7bfc2a59e1821ed61e38916613d2896764ad3479e5,2026-05-15T04:24:19.661Z
315,0x285A579e982809B990e23C8C73A0c34C1364382f,54,54000000000000000000,0xbfd78e972e54eaaaf9b62b7bfc2a59e1821ed61e38916613d2896764ad3479e5,2026-05-15T04:24:19.661Z
316,0xA8a4e4B2C2Cf5fe5796cbA1204Eea9C1880E5990,11,11000000000000000000,0xbfd78e972e54eaaaf9b62b7bfc2a59e1821ed61e38916613d2896764ad3479e5,2026-05-15T04:24:19.661Z
317,0xbC65f83454fE3D461b20B259B254833f61E4b6C6,68,68000000000000000000,0xbfd78e972e54eaaaf9b62b7bfc2a59e1821ed61e38916613d2896764ad3479e5,2026-05-15T04:24:19.661Z
318,0xe22AeEB582b695a26BC1f5a9D24a95b01bf984F8,93,93000000000000000000,0xbfd78e972e54eaaaf9b62b7bfc2a59e1821ed61e38916613d2896764ad3479e5,2026-05-15T04:24:19.661Z
319,0xBce07139fFAD10fa4fd337d4A28CaA7eb5cB916f,80,80000000000000000000,0xbfd78e972e54eaaaf9b62b7bfc2a59e1821ed61e38916613d2896764ad3479e5,2026-05-15T04:24:19.662Z
320,0x648069dbe024ea3062ABb7D5F24c3cAD3Fd576b7,82,82000000000000000000,0xbfd78e972e54eaaaf9b62b7bfc2a59e1821ed61e38916613d2896764ad3479e5,2026-05-15T04:24:19.662Z
321,0xD15db14c16f6dc01807Ab0a5FB75860a4e606F3C,43,43000000000000000000,0xbfd78e972e54eaaaf9b62b7bfc2a59e1821ed61e38916613d2896764ad3479e5,2026-05-15T04:24:19.662Z
322,0x37750e6571f7cA531C95f773F3c86a9131bdF27B,99,99000000000000000000,0xbfd78e972e54eaaaf9b62b7bfc2a59e1821ed61e38916613d2896764ad3479e5,2026-05-15T04:24:19.662Z
323,0x6534Ce91d0f5F661eF2D14F34A8A09416a4C9651,22,22000000000000000000,0xbfd78e972e54eaaaf9b62b7bfc2a59e1821ed61e38916613d2896764ad3479e5,2026-05-15T04:24:19.662Z
324,0xE4b22B4f38D5bA2977C720293a5197203065d340,15,15000000000000000000,0xbfd78e972e54eaaaf9b62b7bfc2a59e1821ed61e38916613d2896764ad3479e5,2026-05-15T04:24:19.662Z
325,0xB3921c6ee56c30CE43D5C3E0cbDD9949CcC1FF5F,17,17000000000000000000,0xbfd78e972e54eaaaf9b62b7bfc2a59e1821ed61e38916613d2896764ad3479e5,2026-05-15T04:24:19.662Z
326,0x5ccACD1d0Ccd713A26d95cAc9b2736FbdD8B7A9E,58,58000000000000000000,0xbfd78e972e54eaaaf9b62b7bfc2a59e1821ed61e38916613d2896764ad3479e5,2026-05-15T04:24:19.662Z
327,0x4eDd92d5e195F8643049d607DBDe8bcc7DC6EFbe,29,29000000000000000000,0xbfd78e972e54eaaaf9b62b7bfc2a59e1821ed61e38916613d2896764ad3479e5,2026-05-15T04:24:19.662Z
328,0x6071888F92Ec5530952D63547A5a83e0EEB4d95E,79,79000000000000000000,0xbfd78e972e54eaaaf9b62b7bfc2a59e1821ed61e38916613d2896764ad3479e5,2026-05-15T04:24:19.662Z
329,0xEE2543F29300D4118cB4fFC78FBB6Afa992326e3,91,91000000000000000000,0xbfd78e972e54eaaaf9b62b7bfc2a59e1821ed61e38916613d2896764ad3479e5,2026-05-15T04:24:19.662Z
330,0x444f779d4cfcF9085518244dC1988e5CC22A87Cb,2,2000000000000000000,0xbfd78e972e54eaaaf9b62b7bfc2a59e1821ed61e38916613d2896764ad3479e5,2026-05-15T04:24:19.662Z
331,0xFdf78558a9a82a3AA464a1db8451007dFcd40f55,72,72000000000000000000,0xbfd78e972e54eaaaf9b62b7bfc2a59e1821ed61e38916613d2896764ad3479e5,2026-05-15T04:24:19.662Z
332,0xAd89a425331bA40528262Af680c9347796e50CD0,92,92000000000000000000,0xbfd78e972e54eaaaf9b62b7bfc2a59e1821ed61e38916613d2896764ad3479e5,2026-05-15T04:24:19.662Z
333,0xc9F7617B88bF0bfD1eBdb5F43Bea6Ae7B28b5bFb,63,63000000000000000000,0xbfd78e972e54eaaaf9b62b7bfc2a59e1821ed61e38916613d2896764ad3479e5,2026-05-15T04:24:19.662Z
334,0xe2B55582290ff7318CCaB400b570b3E53b753C62,25,25000000000000000000,0xbfd78e972e54eaaaf9b62b7bfc2a59e1821ed61e38916613d2896764ad3479e5,2026-05-15T04:24:19.662Z
335,0x58702A73320Bc3e696060fB1ac5252fe92D333eA,94,94000000000000000000,0xbfd78e972e54eaaaf9b62b7bfc2a59e1821ed61e38916613d2896764ad3479e5,2026-05-15T04:24:19.662Z
336,0xe06D1B21822d7AeF52dbC2FC11385fA231877cE1,35,35000000000000000000,0xbfd78e972e54eaaaf9b62b7bfc2a59e1821ed61e38916613d2896764ad3479e5,2026-05-15T04:24:19.662Z
337,0xd7203e37a7b642ddd430D65D6A3401cBA6608fB6,9,9000000000000000000,0xbfd78e972e54eaaaf9b62b7bfc2a59e1821ed61e38916613d2896764ad3479e5,2026-05-15T04:24:19.662Z
338,0x5f2CAb8bDC12d75C5E5532159d806036aB7C68DD,20,20000000000000000000,0xbfd78e972e54eaaaf9b62b7bfc2a59e1821ed61e38916613d2896764ad3479e5,2026-05-15T04:24:19.662Z
339,0x66d6d835c2979B0008B0474B02E83f3bfe7F21B0,22,22000000000000000000,0xbfd78e972e54eaaaf9b62b7bfc2a59e1821ed61e38916613d2896764ad3479e5,2026-05-15T04:24:19.662Z
340,0xC22b55D8c9544Ed53b61f613F07771c3fd344322,26,26000000000000000000,0xbfd78e972e54eaaaf9b62b7bfc2a59e1821ed61e38916613d2896764ad3479e5,2026-05-15T04:24:19.662Z
341,0xd2843D70aE03592405C88dde147dA632fE902187,22,22000000000000000000,0xbfd78e972e54eaaaf9b62b7bfc2a59e1821ed61e38916613d2896764ad3479e5,2026-05-15T04:24:19.662Z
342,0xF20BC8b5208b2F17DfdBbE5f4df2225cB42991F7,46,46000000000000000000,0xbfd78e972e54eaaaf9b62b7bfc2a59e1821ed61e38916613d2896764ad3479e5,2026-05-15T04:24:19.662Z
343,0x0DAB837efC432CfE621754986bC868ED4Fc9eE5f,65,65000000000000000000,0xbfd78e972e54eaaaf9b62b7bfc2a59e1821ed61e38916613d2896764ad3479e5,2026-05-15T04:24:19.662Z
344,0xd01C9AdF1BD55cb53A2B1335608Efe889E95a244,22,22000000000000000000,0xbfd78e972e54eaaaf9b62b7bfc2a59e1821ed61e38916613d2896764ad3479e5,2026-05-15T04:24:19.662Z
345,0x8831CAA3155524D32e523556b95a4B18b999193e,17,17000000000000000000,0xbfd78e972e54eaaaf9b62b7bfc2a59e1821ed61e38916613d2896764ad3479e5,2026-05-15T04:24:19.662Z
346,0x0b7A1F3A845491aF72F728dfb93Eb28F770cA368,68,68000000000000000000,0xbfd78e972e54eaaaf9b62b7bfc2a59e1821ed61e38916613d2896764ad3479e5,2026-05-15T04:24:19.662Z
347,0xDECda46888C9c012aAb4961b3eCa00448C6820E5,8,8000000000000000000,0xbfd78e972e54eaaaf9b62b7bfc2a59e1821ed61e38916613d2896764ad3479e5,2026-05-15T04:24:19.662Z
348,0xf8Ca38e83bFAB49197a28797BAC743A07D9B8275,68,68000000000000000000,0xbfd78e972e54eaaaf9b62b7bfc2a59e1821ed61e38916613d2896764ad3479e5,2026-05-15T04:24:19.662Z
349,0x0a6738454eB8979A36aa4Dfa08b345E0405b776B,28,28000000000000000000,0xbfd78e972e54eaaaf9b62b7bfc2a59e1821ed61e38916613d2896764ad3479e5,2026-05-15T04:24:19.662Z
350,0x0162b5AE1Fe84058B08C9FdE834a66DFAdFa6B49,63,63000000000000000000,0xbfd78e972e54eaaaf9b62b7bfc2a59e1821ed61e38916613d2896764ad3479e5,2026-05-15T04:24:19.662Z
351,0x7f9dc4Bb85Dd2DD422b618598c2dC90c2015ce28,2,2000000000000000000,0xbfd78e972e54eaaaf9b62b7bfc2a59e1821ed61e38916613d2896764ad3479e5,2026-05-15T04:24:19.662Z
352,0x4C37496A2bbd9A452e3d509b336d6851C62eAEE3,11,11000000000000000000,0xbfd78e972e54eaaaf9b62b7bfc2a59e1821ed61e38916613d2896764ad3479e5,2026-05-15T04:24:19.662Z
353,0xaa7A55Ceab978A8D6c5E41c84d1E3b07855fe610,7,7000000000000000000,0xbfd78e972e54eaaaf9b62b7bfc2a59e1821ed61e38916613d2896764ad3479e5,2026-05-15T04:24:19.662Z
354,0xc6F21df13c567C97967a0cE4e6f876E90F733591,15,15000000000000000000,0xbfd78e972e54eaaaf9b62b7bfc2a59e1821ed61e38916613d2896764ad3479e5,2026-05-15T04:24:19.662Z
355,0xCCFCA258C7FA2181bab96d0c751bb596994c8C2F,84,84000000000000000000,0xbfd78e972e54eaaaf9b62b7bfc2a59e1821ed61e38916613d2896764ad3479e5,2026-05-15T04:24:19.662Z
356,0xBb60853a9e327FE4BBF1dcdE0baE7E1700E083E2,53,53000000000000000000,0xbfd78e972e54eaaaf9b62b7bfc2a59e1821ed61e38916613d2896764ad3479e5,2026-05-15T04:24:19.662Z
357,0x05b22ffC3e82F6b1EC8b57295c1F23024d3D51b8,56,56000000000000000000,0xbfd78e972e54eaaaf9b62b7bfc2a59e1821ed61e38916613d2896764ad3479e5,2026-05-15T04:24:19.662Z
358,0x595a6a03Cdb5975A2501639d00951DF51a8a62eF,54,54000000000000000000,0xbfd78e972e54eaaaf9b62b7bfc2a59e1821ed61e38916613d2896764ad3479e5,2026-05-15T04:24:19.662Z
359,0x234Be15796E2c47b99dcCaCE3Cdc1f900e74fA75,14,14000000000000000000,0xbfd78e972e54eaaaf9b62b7bfc2a59e1821ed61e38916613d2896764ad3479e5,2026-05-15T04:24:19.662Z
360,0x36aA9858353F91E89DDBf433feE9fF69DFFab4C9,80,80000000000000000000,0xbfd78e972e54eaaaf9b62b7bfc2a59e1821ed61e38916613d2896764ad3479e5,2026-05-15T04:24:19.662Z
361,0x687Edd370CDdf154f9535842Ddd22958f3c6b2e0,77,77000000000000000000,0xbfd78e972e54eaaaf9b62b7bfc2a59e1821ed61e38916613d2896764ad3479e5,2026-05-15T04:24:19.662Z
362,0x713C4f8EFA214631bFE7b532D0450735ba83498A,38,38000000000000000000,0xbfd78e972e54eaaaf9b62b7bfc2a59e1821ed61e38916613d2896764ad3479e5,2026-05-15T04:24:19.662Z
363,0x0Fe0bc5D353eBC8b7502553b556C374Beaf9F1a3,50,50000000000000000000,0xbfd78e972e54eaaaf9b62b7bfc2a59e1821ed61e38916613d2896764ad3479e5,2026-05-15T04:24:19.662Z
364,0xc6133f0b33C9c7225800e31B2c2038f088fC1159,32,32000000000000000000,0xbfd78e972e54eaaaf9b62b7bfc2a59e1821ed61e38916613d2896764ad3479e5,2026-05-15T04:24:19.662Z
365,0x810Bb58F29221e4Ed2816096a5A4336Ab2188fB2,7,7000000000000000000,0xbfd78e972e54eaaaf9b62b7bfc2a59e1821ed61e38916613d2896764ad3479e5,2026-05-15T04:24:19.662Z
366,0x33C4101a016f6b3564f4de03801323bB7d5D62E9,36,36000000000000000000,0xbfd78e972e54eaaaf9b62b7bfc2a59e1821ed61e38916613d2896764ad3479e5,2026-05-15T04:24:19.662Z
367,0x77871C56e0fDA9cC091C7503A7bbCD474440A764,39,39000000000000000000,0xbfd78e972e54eaaaf9b62b7bfc2a59e1821ed61e38916613d2896764ad3479e5,2026-05-15T04:24:19.662Z
368,0x11210CB08CEB6B3d29F505c724B8Ffa891Dd9ff3,44,44000000000000000000,0xbfd78e972e54eaaaf9b62b7bfc2a59e1821ed61e38916613d2896764ad3479e5,2026-05-15T04:24:19.662Z
369,0xFfbcC0ECCb47a8784E161b60246a6Ba82Cc4e9c2,75,75000000000000000000,0xbfd78e972e54eaaaf9b62b7bfc2a59e1821ed61e38916613d2896764ad3479e5,2026-05-15T04:24:19.662Z
370,0x18B94C5d2e6a12778ad8B4716465ca269cf13706,76,76000000000000000000,0xbfd78e972e54eaaaf9b62b7bfc2a59e1821ed61e38916613d2896764ad3479e5,2026-05-15T04:24:19.662Z
371,0x826250B9d1Bb194e41Bfa7a025C40bC326eAB4E9,36,36000000000000000000,0xbfd78e972e54eaaaf9b62b7bfc2a59e1821ed61e38916613d2896764ad3479e5,2026-05-15T04:24:19.662Z
372,0xd7Ffa4f21378B42f2176eE8060cEc68eBFBBb697,80,80000000000000000000,0xbfd78e972e54eaaaf9b62b7bfc2a59e1821ed61e38916613d2896764ad3479e5,2026-05-15T04:24:19.662Z
373,0x6afDDe31B551Ce7e2D16139B6477a4eF31425799,85,85000000000000000000,0xbfd78e972e54eaaaf9b62b7bfc2a59e1821ed61e38916613d2896764ad3479e5,2026-05-15T04:24:19.662Z
374,0xe8Cc46804734Df8CB1bA5f34bA4A05B3Da9C7549,99,99000000000000000000,0xbfd78e972e54eaaaf9b62b7bfc2a59e1821ed61e38916613d2896764ad3479e5,2026-05-15T04:24:19.662Z
375,0xEe60cCC89a0f4Dd39CD5A3D62d29b1d39000420a,100,100000000000000000000,0xbfd78e972e54eaaaf9b62b7bfc2a59e1821ed61e38916613d2896764ad3479e5,2026-05-15T04:24:19.662Z
376,0x40e309F2010d04ACD63045AB5dc8cc2889D7AE60,36,36000000000000000000,0xbfd78e972e54eaaaf9b62b7bfc2a59e1821ed61e38916613d2896764ad3479e5,2026-05-15T04:24:19.662Z
377,0x235AA1156734882Bb916Be06f1eC639fdB349ECD,38,38000000000000000000,0xbfd78e972e54eaaaf9b62b7bfc2a59e1821ed61e38916613d2896764ad3479e5,2026-05-15T04:24:19.662Z
378,0xdf2b2089cb45434c18D6BC637A3AEbca01bd0790,66,66000000000000000000,0xbfd78e972e54eaaaf9b62b7bfc2a59e1821ed61e38916613d2896764ad3479e5,2026-05-15T04:24:19.662Z
379,0xA86024a42F73Eb7D1FE32869c63b09A0Ea872AFB,36,36000000000000000000,0xbfd78e972e54eaaaf9b62b7bfc2a59e1821ed61e38916613d2896764ad3479e5,2026-05-15T04:24:19.662Z
380,0x7aBaeb0A6Ddce6fc7b20e5B3FC5C5114B0319Ab5,98,98000000000000000000,0xbfd78e972e54eaaaf9b62b7bfc2a59e1821ed61e38916613d2896764ad3479e5,2026-05-15T04:24:19.662Z
381,0x969327cf1Ae615d61d3b8Ea3Cc82044191e0a5b4,29,29000000000000000000,0xbfd78e972e54eaaaf9b62b7bfc2a59e1821ed61e38916613d2896764ad3479e5,2026-05-15T04:24:19.662Z
382,0x731687Cc410B0300Eb11e9920F8d55Cb6F349b15,56,56000000000000000000,0xbfd78e972e54eaaaf9b62b7bfc2a59e1821ed61e38916613d2896764ad3479e5,2026-05-15T04:24:19.662Z
383,0xf05C26CBF5CC6a8FD7A0D9b91e035d0D06dd068a,99,99000000000000000000,0xbfd78e972e54eaaaf9b62b7bfc2a59e1821ed61e38916613d2896764ad3479e5,2026-05-15T04:24:19.663Z
384,0xd681029c8ba51B352E5363f6BF1ef4b1AdDFA727,71,71000000000000000000,0xbfd78e972e54eaaaf9b62b7bfc2a59e1821ed61e38916613d2896764ad3479e5,2026-05-15T04:24:19.663Z
385,0x07aaA3Ab7d56Fa449d749e85b1bec9DC8Be12e4a,26,26000000000000000000,0xbfd78e972e54eaaaf9b62b7bfc2a59e1821ed61e38916613d2896764ad3479e5,2026-05-15T04:24:19.663Z
386,0xE34AB050Fe7b20006A66534D8D0E1b7574692f7A,3,3000000000000000000,0xbfd78e972e54eaaaf9b62b7bfc2a59e1821ed61e38916613d2896764ad3479e5,2026-05-15T04:24:19.663Z
387,0xb8e35596f324efe00da2f51D138aF40dc3964586,91,91000000000000000000,0xbfd78e972e54eaaaf9b62b7bfc2a59e1821ed61e38916613d2896764ad3479e5,2026-05-15T04:24:19.663Z
388,0x8BaAD0372ffA246C24C59eB8Df94EA7a54C8f2C6,99,99000000000000000000,0xbfd78e972e54eaaaf9b62b7bfc2a59e1821ed61e38916613d2896764ad3479e5,2026-05-15T04:24:19.663Z
389,0x40e98d6289F02010332a93856209049E1A51B881,18,18000000000000000000,0xbfd78e972e54eaaaf9b62b7bfc2a59e1821ed61e38916613d2896764ad3479e5,2026-05-15T04:24:19.663Z
390,0xea1aF33EC36e6AAA39d4A3606E2f84F6f87e8C30,14,14000000000000000000,0xbfd78e972e54eaaaf9b62b7bfc2a59e1821ed61e38916613d2896764ad3479e5,2026-05-15T04:24:19.663Z
391,0x093b32d5140e023B39C59b6245A83A3f9F864409,42,42000000000000000000,0xbfd78e972e54eaaaf9b62b7bfc2a59e1821ed61e38916613d2896764ad3479e5,2026-05-15T04:24:19.663Z
392,0x282774220511cFd4a3189674df6f0FA3250fdB58,54,54000000000000000000,0xbfd78e972e54eaaaf9b62b7bfc2a59e1821ed61e38916613d2896764ad3479e5,2026-05-15T04:24:19.663Z
393,0xD17d696f995d86a0Bf37c0c31c9BAb093a755800,59,59000000000000000000,0xbfd78e972e54eaaaf9b62b7bfc2a59e1821ed61e38916613d2896764ad3479e5,2026-05-15T04:24:19.663Z
394,0x558a65962af8e3816C0f53c869dBbd5208f36d6F,48,48000000000000000000,0xbfd78e972e54eaaaf9b62b7bfc2a59e1821ed61e38916613d2896764ad3479e5,2026-05-15T04:24:19.663Z
395,0xae02772Dbdf397Ed7406874E76D0F19C52861c5F,9,9000000000000000000,0xbfd78e972e54eaaaf9b62b7bfc2a59e1821ed61e38916613d2896764ad3479e5,2026-05-15T04:24:19.663Z
396,0xc689a69B5Bd395f448164C06Fb99aaf33dCDB1D2,17,17000000000000000000,0xbfd78e972e54eaaaf9b62b7bfc2a59e1821ed61e38916613d2896764ad3479e5,2026-05-15T04:24:19.663Z
397,0x088fE0e5213a5ed2Ee4Bc31fD5bF19305Ed9de2E,42,42000000000000000000,0xbfd78e972e54eaaaf9b62b7bfc2a59e1821ed61e38916613d2896764ad3479e5,2026-05-15T04:24:19.663Z
398,0x6Aa719315feB5C8483A49C3eCA6420633D0C2cB4,42,42000000000000000000,0xbfd78e972e54eaaaf9b62b7bfc2a59e1821ed61e38916613d2896764ad3479e5,2026-05-15T04:24:19.663Z
399,0x64cff048e7635695b687c83AdBAe8587aA432795,74,74000000000000000000,0xbfd78e972e54eaaaf9b62b7bfc2a59e1821ed61e38916613d2896764ad3479e5,2026-05-15T04:24:19.663Z
400,0x0ba5c10bedfcF5931120Dd6683cee68468275b9F,1,1000000000000000000,0x9a8bc522329f04ee97abddda19c882a9034e64fb67619ddae94a5e97a6b8de3e,2026-05-15T04:24:19.663Z
401,0x77E777A33BF5a43107438955851773f3b8814784,98,98000000000000000000,0x9a8bc522329f04ee97abddda19c882a9034e64fb67619ddae94a5e97a6b8de3e,2026-05-15T04:24:19.663Z
402,0x2d3FC6172FA9213A213e968cF54bD921158bcf55,16,16000000000000000000,0x9a8bc522329f04ee97abddda19c882a9034e64fb67619ddae94a5e97a6b8de3e,2026-05-15T04:24:19.663Z
403,0x1B006Ee4FC12078db24cDa4Aa993F768A2FCEe29,79,79000000000000000000,0x9a8bc522329f04ee97abddda19c882a9034e64fb67619ddae94a5e97a6b8de3e,2026-05-15T04:24:19.663Z
404,0x95b828df1220C149D5828DF9c9296df5F8C763A1,58,58000000000000000000,0x9a8bc522329f04ee97abddda19c882a9034e64fb67619ddae94a5e97a6b8de3e,2026-05-15T04:24:19.663Z
405,0xeD001EE8571cbB353ce09eab2dEB4f9D41e83c10,88,88000000000000000000,0x9a8bc522329f04ee97abddda19c882a9034e64fb67619ddae94a5e97a6b8de3e,2026-05-15T04:24:19.663Z
406,0x701631b24a197336644e391B185Dd543dE48FDA7,56,56000000000000000000,0x9a8bc522329f04ee97abddda19c882a9034e64fb67619ddae94a5e97a6b8de3e,2026-05-15T04:24:19.663Z
407,0x789311D69CD2dB65FcD420baA505832f47503BA8,31,31000000000000000000,0x9a8bc522329f04ee97abddda19c882a9034e64fb67619ddae94a5e97a6b8de3e,2026-05-15T04:24:19.663Z
408,0x42fA26733B2B25D97Bf4D339092a6B2Ad6A4a982,90,90000000000000000000,0x9a8bc522329f04ee97abddda19c882a9034e64fb67619ddae94a5e97a6b8de3e,2026-05-15T04:24:19.663Z
409,0xD3b89983780679dC20405F61919061806fac24de,56,56000000000000000000,0x9a8bc522329f04ee97abddda19c882a9034e64fb67619ddae94a5e97a6b8de3e,2026-05-15T04:24:19.663Z
410,0x9345EA095524Fa84d7737882F10E24b2e0506A05,92,92000000000000000000,0x9a8bc522329f04ee97abddda19c882a9034e64fb67619ddae94a5e97a6b8de3e,2026-05-15T04:24:19.663Z
411,0xEdD376c0305844b378935520855c78dcA8481Fe5,82,82000000000000000000,0x9a8bc522329f04ee97abddda19c882a9034e64fb67619ddae94a5e97a6b8de3e,2026-05-15T04:24:19.663Z
412,0x3D52fc7B598A5B3150Cff4F18929D0e59Cb57eBC,98,98000000000000000000,0x9a8bc522329f04ee97abddda19c882a9034e64fb67619ddae94a5e97a6b8de3e,2026-05-15T04:24:19.663Z
413,0x97EFc304c803702621Fe259e6674a018F7137935,98,98000000000000000000,0x9a8bc522329f04ee97abddda19c882a9034e64fb67619ddae94a5e97a6b8de3e,2026-05-15T04:24:19.663Z
414,0xA8Cb0924FD7Dd2b3bbb29C5369B183558125Ca2E,13,13000000000000000000,0x9a8bc522329f04ee97abddda19c882a9034e64fb67619ddae94a5e97a6b8de3e,2026-05-15T04:24:19.663Z
415,0xb424b98572c58c0A42c019f769Dcf7ac55Cd74f5,84,84000000000000000000,0x9a8bc522329f04ee97abddda19c882a9034e64fb67619ddae94a5e97a6b8de3e,2026-05-15T04:24:19.663Z
416,0x006dDF3ACAae6084adD39a2657E8Ac4313b3a699,81,81000000000000000000,0x9a8bc522329f04ee97abddda19c882a9034e64fb67619ddae94a5e97a6b8de3e,2026-05-15T04:24:19.663Z
417,0xe489997D3ab814a402BAC48ca37908EF46DD5861,51,51000000000000000000,0x9a8bc522329f04ee97abddda19c882a9034e64fb67619ddae94a5e97a6b8de3e,2026-05-15T04:24:19.663Z
418,0x1D24D781D0A18e70686fd70c5f01A5cEeAB950F7,52,52000000000000000000,0x9a8bc522329f04ee97abddda19c882a9034e64fb67619ddae94a5e97a6b8de3e,2026-05-15T04:24:19.663Z
419,0xE8dE587b268e560d61742fbD148eb82A67889F97,97,97000000000000000000,0x9a8bc522329f04ee97abddda19c882a9034e64fb67619ddae94a5e97a6b8de3e,2026-05-15T04:24:19.663Z
420,0xae5c13772a54D589dba1a3a5E63613f96c5E82d0,90,90000000000000000000,0x9a8bc522329f04ee97abddda19c882a9034e64fb67619ddae94a5e97a6b8de3e,2026-05-15T04:24:19.663Z
421,0xAa741Df180c99952da4826a5AF55FE042574F55a,76,76000000000000000000,0x9a8bc522329f04ee97abddda19c882a9034e64fb67619ddae94a5e97a6b8de3e,2026-05-15T04:24:19.663Z
422,0x0b59a1169aD8671527B98548Ab6e2915a41d5360,74,74000000000000000000,0x9a8bc522329f04ee97abddda19c882a9034e64fb67619ddae94a5e97a6b8de3e,2026-05-15T04:24:19.663Z
423,0xE90ff8Bc049BE867B712a0156B2e46B6891e34E4,45,45000000000000000000,0x9a8bc522329f04ee97abddda19c882a9034e64fb67619ddae94a5e97a6b8de3e,2026-05-15T04:24:19.663Z
424,0xA854729fbf005F98020dc86a2E7f239F3566c5cC,21,21000000000000000000,0x9a8bc522329f04ee97abddda19c882a9034e64fb67619ddae94a5e97a6b8de3e,2026-05-15T04:24:19.663Z
425,0x612238872314628e9EAa416A9DD30681bB443EC2,1,1000000000000000000,0x9a8bc522329f04ee97abddda19c882a9034e64fb67619ddae94a5e97a6b8de3e,2026-05-15T04:24:19.663Z
426,0x83b9B9f47B55F1Ed8fEd4F4DBb5B3d7b78D289Ca,39,39000000000000000000,0x9a8bc522329f04ee97abddda19c882a9034e64fb67619ddae94a5e97a6b8de3e,2026-05-15T04:24:19.663Z
427,0x9A34D13E39FDD7F34F8E7C37C8dD48C111d6fbf5,47,47000000000000000000,0x9a8bc522329f04ee97abddda19c882a9034e64fb67619ddae94a5e97a6b8de3e,2026-05-15T04:24:19.663Z
428,0xb77Ba2B9ccD24593d146b1e1DEA7F32f82522d25,89,89000000000000000000,0x9a8bc522329f04ee97abddda19c882a9034e64fb67619ddae94a5e97a6b8de3e,2026-05-15T04:24:19.663Z
429,0xD8EAA9067862290e85A6488D2Bd96bA96c6F59b0,60,60000000000000000000,0x9a8bc522329f04ee97abddda19c882a9034e64fb67619ddae94a5e97a6b8de3e,2026-05-15T04:24:19.663Z
430,0x53584350698df7ADF20564C8EBdE321f2D0db0Ac,59,59000000000000000000,0x9a8bc522329f04ee97abddda19c882a9034e64fb67619ddae94a5e97a6b8de3e,2026-05-15T04:24:19.663Z
431,0x7c8A9e6aAFE732eC259fC98552b99CAF4469EB68,94,94000000000000000000,0x9a8bc522329f04ee97abddda19c882a9034e64fb67619ddae94a5e97a6b8de3e,2026-05-15T04:24:19.663Z
432,0x679a33d878f59964A77f8ec687383B9238066A58,66,66000000000000000000,0x9a8bc522329f04ee97abddda19c882a9034e64fb67619ddae94a5e97a6b8de3e,2026-05-15T04:24:19.663Z
433,0xDd72614417eC765B412F37896734e66Ec076D43C,85,85000000000000000000,0x9a8bc522329f04ee97abddda19c882a9034e64fb67619ddae94a5e97a6b8de3e,2026-05-15T04:24:19.663Z
434,0x01e82E23C72Dfb2320086Fca47dBbdb5D5c3F945,1,1000000000000000000,0x9a8bc522329f04ee97abddda19c882a9034e64fb67619ddae94a5e97a6b8de3e,2026-05-15T04:24:19.663Z
435,0x2e2D8c064CFA7777b5700b59FC31857eb9F2E61d,3,3000000000000000000,0x9a8bc522329f04ee97abddda19c882a9034e64fb67619ddae94a5e97a6b8de3e,2026-05-15T04:24:19.663Z
436,0xde5d37093eBc8fB31DE5aB12d1809D96f640b1b6,74,74000000000000000000,0x9a8bc522329f04ee97abddda19c882a9034e64fb67619ddae94a5e97a6b8de3e,2026-05-15T04:24:19.663Z
437,0x8C94770a70AAdfe75981fBA23142F2B901C0A9FC,13,13000000000000000000,0x9a8bc522329f04ee97abddda19c882a9034e64fb67619ddae94a5e97a6b8de3e,2026-05-15T04:24:19.663Z
438,0x8976077070d0c348f7D0E52B7BB200c6CA6F04b0,8,8000000000000000000,0x9a8bc522329f04ee97abddda19c882a9034e64fb67619ddae94a5e97a6b8de3e,2026-05-15T04:24:19.663Z
439,0x9aAcb6C1D28de63906A0D4d384F12EA594e5Ecf6,99,99000000000000000000,0x9a8bc522329f04ee97abddda19c882a9034e64fb67619ddae94a5e97a6b8de3e,2026-05-15T04:24:19.663Z
440,0x3aAd2F4d59373ce6AD40636c485Afa667C7E78Cb,36,36000000000000000000,0x9a8bc522329f04ee97abddda19c882a9034e64fb67619ddae94a5e97a6b8de3e,2026-05-15T04:24:19.663Z
441,0x278ab7D02743838AbCa884023b16dd77eeFE7Db1,51,51000000000000000000,0x9a8bc522329f04ee97abddda19c882a9034e64fb67619ddae94a5e97a6b8de3e,2026-05-15T04:24:19.663Z
442,0xe2e0A4440968AfE2909532d5f93Eb4a8700e6882,15,15000000000000000000,0x9a8bc522329f04ee97abddda19c882a9034e64fb67619ddae94a5e97a6b8de3e,2026-05-15T04:24:19.663Z
443,0x21A1F03e1B79c18550B4F14Ad9ad8E0e990fd340,18,18000000000000000000,0x9a8bc522329f04ee97abddda19c882a9034e64fb67619ddae94a5e97a6b8de3e,2026-05-15T04:24:19.663Z
444,0xA3c451c4243d2485634Fc34D4317C10AF859A994,25,25000000000000000000,0x9a8bc522329f04ee97abddda19c882a9034e64fb67619ddae94a5e97a6b8de3e,2026-05-15T04:24:19.663Z
445,0x932675BE2FCceFF24Ee8eDc8ee5393221EF5E5CC,47,47000000000000000000,0x9a8bc522329f04ee97abddda19c882a9034e64fb67619ddae94a5e97a6b8de3e,2026-05-15T04:24:19.663Z
446,0x659Abef37731F9b2f87DcFCC98bbf7fB595b056F,33,33000000000000000000,0x9a8bc522329f04ee97abddda19c882a9034e64fb67619ddae94a5e97a6b8de3e,2026-05-15T04:24:19.663Z
447,0xf604e6658fa6423Faf9AF207B9086096614DfDfE,68,68000000000000000000,0x9a8bc522329f04ee97abddda19c882a9034e64fb67619ddae94a5e97a6b8de3e,2026-05-15T04:24:19.663Z
448,0xa4B6d3aeDec9936b3369459EFCD0e2d6E48D6153,4,4000000000000000000,0x9a8bc522329f04ee97abddda19c882a9034e64fb67619ddae94a5e97a6b8de3e,2026-05-15T04:24:19.663Z
449,0x6987b5615C6EE9A4188ba33EA2b310E1761Ff0eD,97,97000000000000000000,0x9a8bc522329f04ee97abddda19c882a9034e64fb67619ddae94a5e97a6b8de3e,2026-05-15T04:24:19.663Z
450,0xCACDCFF3726C7ca54136c84A19546F92504BdB64,23,23000000000000000000,0x9a8bc522329f04ee97abddda19c882a9034e64fb67619ddae94a5e97a6b8de3e,2026-05-15T04:24:19.663Z
451,0x7770998D47647Ed1B75c8E202FC379306fDbBDeC,42,42000000000000000000,0x9a8bc522329f04ee97abddda19c882a9034e64fb67619ddae94a5e97a6b8de3e,2026-05-15T04:24:19.663Z
452,0x6880ccbE5a25538eCCdfFA09A14435164da430b8,56,56000000000000000000,0x9a8bc522329f04ee97abddda19c882a9034e64fb67619ddae94a5e97a6b8de3e,2026-05-15T04:24:19.663Z
453,0x7668F2E9C7aB168E0639a2AD70e352024F1465E8,75,75000000000000000000,0x9a8bc522329f04ee97abddda19c882a9034e64fb67619ddae94a5e97a6b8de3e,2026-05-15T04:24:19.663Z
454,0xF0883FC9813921fc5047e7879215DBEde5033C46,18,18000000000000000000,0x9a8bc522329f04ee97abddda19c882a9034e64fb67619ddae94a5e97a6b8de3e,2026-05-15T04:24:19.663Z
455,0x289fb64f73F99707ea26e8b868a08F31e8ca6921,2,2000000000000000000,0x9a8bc522329f04ee97abddda19c882a9034e64fb67619ddae94a5e97a6b8de3e,2026-05-15T04:24:19.663Z
456,0xC825E6935CC5008fa6D98fdD76CCca92007546c5,40,40000000000000000000,0x9a8bc522329f04ee97abddda19c882a9034e64fb67619ddae94a5e97a6b8de3e,2026-05-15T04:24:19.663Z
457,0xb08e07EC1fDA9899CDCD85207ea49B9669DcC92a,73,73000000000000000000,0x9a8bc522329f04ee97abddda19c882a9034e64fb67619ddae94a5e97a6b8de3e,2026-05-15T04:24:19.663Z
458,0x20c1b7dFf18140cB7A2D399aF12cB33bb0162A4B,13,13000000000000000000,0x9a8bc522329f04ee97abddda19c882a9034e64fb67619ddae94a5e97a6b8de3e,2026-05-15T04:24:19.663Z
459,0xE24b8e46CfD0Fb690486f3768B93A8ae29f9f270,5,5000000000000000000,0x9a8bc522329f04ee97abddda19c882a9034e64fb67619ddae94a5e97a6b8de3e,2026-05-15T04:24:19.663Z
460,0x7a62f61abb51Be7537969D565740d6FC24AEb738,58,58000000000000000000,0x9a8bc522329f04ee97abddda19c882a9034e64fb67619ddae94a5e97a6b8de3e,2026-05-15T04:24:19.663Z
461,0x1c94B80ae139BA0A138c47fD786D0e884192CFB0,74,74000000000000000000,0x9a8bc522329f04ee97abddda19c882a9034e64fb67619ddae94a5e97a6b8de3e,2026-05-15T04:24:19.663Z
462,0x5DFeEC208893122aA746Ac71985014a74BAf51Ad,30,30000000000000000000,0x9a8bc522329f04ee97abddda19c882a9034e64fb67619ddae94a5e97a6b8de3e,2026-05-15T04:24:19.663Z
463,0xFA8E689263b95fDb5411FfF230Ab38CD9BEd0736,67,67000000000000000000,0x9a8bc522329f04ee97abddda19c882a9034e64fb67619ddae94a5e97a6b8de3e,2026-05-15T04:24:19.663Z
464,0xea1F14f3b27B751d730BE8c1a496A09387C9EBb1,26,26000000000000000000,0x9a8bc522329f04ee97abddda19c882a9034e64fb67619ddae94a5e97a6b8de3e,2026-05-15T04:24:19.663Z
465,0x8719193C3798F4D918cf6Aae9110662aB6c86050,7,7000000000000000000,0x9a8bc522329f04ee97abddda19c882a9034e64fb67619ddae94a5e97a6b8de3e,2026-05-15T04:24:19.664Z
466,0x28344Bbc646322FbED60E31dc9515D1CAA1345eA,33,33000000000000000000,0x9a8bc522329f04ee97abddda19c882a9034e64fb67619ddae94a5e97a6b8de3e,2026-05-15T04:24:19.664Z
467,0x6bd65B89f3b98DF6d753CcB1e766D0Ac76d02191,84,84000000000000000000,0x9a8bc522329f04ee97abddda19c882a9034e64fb67619ddae94a5e97a6b8de3e,2026-05-15T04:24:19.664Z
468,0x606d19Fb6620c3CEd5Ae738c7F64E19a79287375,61,61000000000000000000,0x9a8bc522329f04ee97abddda19c882a9034e64fb67619ddae94a5e97a6b8de3e,2026-05-15T04:24:19.664Z
469,0xFc123aC447883461c6E86386e9506d397237D2a9,96,96000000000000000000,0x9a8bc522329f04ee97abddda19c882a9034e64fb67619ddae94a5e97a6b8de3e,2026-05-15T04:24:19.664Z
470,0x3ce92f99a1803bA2696FA2B9C00905266B5a3A91,73,73000000000000000000,0x9a8bc522329f04ee97abddda19c882a9034e64fb67619ddae94a5e97a6b8de3e,2026-05-15T04:24:19.664Z
471,0x04b765752c50BEa7D9A0d58F68eE69e37A4A8b2E,9,9000000000000000000,0x9a8bc522329f04ee97abddda19c882a9034e64fb67619ddae94a5e97a6b8de3e,2026-05-15T04:24:19.664Z
472,0xfdFf374aFf0D043342B2e115981246B8dc95a3E1,79,79000000000000000000,0x9a8bc522329f04ee97abddda19c882a9034e64fb67619ddae94a5e97a6b8de3e,2026-05-15T04:24:19.664Z
473,0xEBCef6114E4d551db8dBeeA53EFf27bf76C7f55e,86,86000000000000000000,0x9a8bc522329f04ee97abddda19c882a9034e64fb67619ddae94a5e97a6b8de3e,2026-05-15T04:24:19.664Z
474,0x50e6161061520b4d94DA4382B46Fa365E5E9edA2,74,74000000000000000000,0x9a8bc522329f04ee97abddda19c882a9034e64fb67619ddae94a5e97a6b8de3e,2026-05-15T04:24:19.664Z
475,0x9F77C8793c224f4b6fAc1e202EE16219efBB374B,17,17000000000000000000,0x9a8bc522329f04ee97abddda19c882a9034e64fb67619ddae94a5e97a6b8de3e,2026-05-15T04:24:19.664Z
476,0xF277041b2d8eEb15880FFa46D1f091D267985d08,38,38000000000000000000,0x9a8bc522329f04ee97abddda19c882a9034e64fb67619ddae94a5e97a6b8de3e,2026-05-15T04:24:19.664Z
477,0x0524CBDbcdd98687DF6B46930154c2dff80227ca,72,72000000000000000000,0x9a8bc522329f04ee97abddda19c882a9034e64fb67619ddae94a5e97a6b8de3e,2026-05-15T04:24:19.664Z
478,0x4028A3755D5308f216A6028B2622245b3f2B444B,42,42000000000000000000,0x9a8bc522329f04ee97abddda19c882a9034e64fb67619ddae94a5e97a6b8de3e,2026-05-15T04:24:19.664Z
479,0xe3E2C3F42a63322F3b79fe14B9776f77d421E9ba,88,88000000000000000000,0x9a8bc522329f04ee97abddda19c882a9034e64fb67619ddae94a5e97a6b8de3e,2026-05-15T04:24:19.664Z
480,0x1B328CC7078b03be7a4a54e5eDfA09D646641EF5,79,79000000000000000000,0x9a8bc522329f04ee97abddda19c882a9034e64fb67619ddae94a5e97a6b8de3e,2026-05-15T04:24:19.664Z
481,0x987bf50ABF21838A244B2C22F42481F5784F6910,57,57000000000000000000,0x9a8bc522329f04ee97abddda19c882a9034e64fb67619ddae94a5e97a6b8de3e,2026-05-15T04:24:19.664Z
482,0x1bD1f205b342BEB23Ed21EBB74E3FeAa767e9720,56,56000000000000000000,0x9a8bc522329f04ee97abddda19c882a9034e64fb67619ddae94a5e97a6b8de3e,2026-05-15T04:24:19.664Z
483,0xDd09a2F2d6d73618DD7f931255C0752c2e32D71E,83,83000000000000000000,0x9a8bc522329f04ee97abddda19c882a9034e64fb67619ddae94a5e97a6b8de3e,2026-05-15T04:24:19.664Z
484,0x068f23e4E5cCC2c7d655e2D5247867EfC8B66d99,55,55000000000000000000,0x9a8bc522329f04ee97abddda19c882a9034e64fb67619ddae94a5e97a6b8de3e,2026-05-15T04:24:19.664Z
485,0x774AaB1c2416964AC776d290faE30491825588C9,53,53000000000000000000,0x9a8bc522329f04ee97abddda19c882a9034e64fb67619ddae94a5e97a6b8de3e,2026-05-15T04:24:19.664Z
486,0x24AA6f1eA1561b59553707B76864F436789a438B,40,40000000000000000000,0x9a8bc522329f04ee97abddda19c882a9034e64fb67619ddae94a5e97a6b8de3e,2026-05-15T04:24:19.664Z
487,0x4f5e29F0215298fCF19cD2c339ab1Ab30A599953,58,58000000000000000000,0x9a8bc522329f04ee97abddda19c882a9034e64fb67619ddae94a5e97a6b8de3e,2026-05-15T04:24:19.664Z
488,0x5e9B51B7aFBDA2c926231A7629DcE044863581c1,83,83000000000000000000,0x9a8bc522329f04ee97abddda19c882a9034e64fb67619ddae94a5e97a6b8de3e,2026-05-15T04:24:19.664Z
489,0xfd6C2158D6Ba3FB83e1904cB2Dc38366B9cD7DAc,23,23000000000000000000,0x9a8bc522329f04ee97abddda19c882a9034e64fb67619ddae94a5e97a6b8de3e,2026-05-15T04:24:19.664Z
490,0x5EE469B8ba804AC7F6b3ee7A7AFc4cA7CCbfD39F,18,18000000000000000000,0x9a8bc522329f04ee97abddda19c882a9034e64fb67619ddae94a5e97a6b8de3e,2026-05-15T04:24:19.664Z
491,0x0E26019cA901F0f6bc4a45765D9e792cf49DF018,54,54000000000000000000,0x9a8bc522329f04ee97abddda19c882a9034e64fb67619ddae94a5e97a6b8de3e,2026-05-15T04:24:19.664Z
492,0x3654318C3827526a47257BD0087bE4c4f8D6695f,41,41000000000000000000,0x9a8bc522329f04ee97abddda19c882a9034e64fb67619ddae94a5e97a6b8de3e,2026-05-15T04:24:19.664Z
493,0xa9E5B113e462A62dDbB0d873EF980a8fBD7F149A,87,87000000000000000000,0x9a8bc522329f04ee97abddda19c882a9034e64fb67619ddae94a5e97a6b8de3e,2026-05-15T04:24:19.664Z
494,0xDFFbd062cc2776F62C8818dbC2773d68EeEF65cf,30,30000000000000000000,0x9a8bc522329f04ee97abddda19c882a9034e64fb67619ddae94a5e97a6b8de3e,2026-05-15T04:24:19.664Z
495,0x5D46aE2f78241366f3Fe54c8bb76040dB125c1c4,16,16000000000000000000,0x9a8bc522329f04ee97abddda19c882a9034e64fb67619ddae94a5e97a6b8de3e,2026-05-15T04:24:19.664Z
496,0x9b5e619363752aa6fBD11cEd2b3f4AE757e48575,98,98000000000000000000,0x9a8bc522329f04ee97abddda19c882a9034e64fb67619ddae94a5e97a6b8de3e,2026-05-15T04:24:19.664Z
497,0xE5B7Fa3aA60A7EE2ECF1a84C21EB8D362Fb41683,62,62000000000000000000,0x9a8bc522329f04ee97abddda19c882a9034e64fb67619ddae94a5e97a6b8de3e,2026-05-15T04:24:19.664Z
498,0x96cAf6a28a128f719Ea8CB6034aAA19cCa103A7b,45,45000000000000000000,0x9a8bc522329f04ee97abddda19c882a9034e64fb67619ddae94a5e97a6b8de3e,2026-05-15T04:24:19.664Z
499,0xE94496a5604C740C69ba4aa1e63c48ce20C97041,57,57000000000000000000,0x9a8bc522329f04ee97abddda19c882a9034e64fb67619ddae94a5e97a6b8de3e,2026-05-15T04:24:19.664Z